charityID,charityNumFilings,designationID,categoryID,charityName,charityAccount,charityRegistrationDate,charityLanguage,charityAddress,charityCity,provinceID,charityPostalCode,countryID,charityContactPhone,charityEmail,charityURL
106703879RR0001,11,C,C170-1,WESTLAKE WATERSHED DISTRICT,WESTLAKE WATERSHED DISTRICT,2003-08-05,1,BOX 33,ALONSA,MB,R0H0A0,CA,,alonsacd@mts.net,
106887102RR0001,10,C,C170-99,CENTRAL LAKE ONTARIO CONSERVATION AUTHORITY,CENTRAL LAKE ONTARIO CONSERVATION AUTHORITY,2002-07-08,1,100 WHITING AVE,OSHAWA,ON,L1H3T3,CA,(905)579-0411,,
107311177RR0001,10,C,C170-1,ESSEX REGION CONSERVATION AUTHORITY,Essex Region Conservation Authority,1977-01-01,1,311 - 360 FAIRVIEW AVE W,ESSEX,ON,N8M1Y6,CA,(519)776-5209,smcmullen@erca.org,www.erca.org
107583650RR0001,10,C,C170-1,LAC LA NONNE ENHANCEMENT AND PROTECTION ASSOCIATION,LAC LA NONNE ENHANCEMENT AND PROTECTION ASSOCIATION,2004-03-24,1,"SITE 1, BOX 14, RR 1",GUNN,AB,T0E1A0,CA,(780)967-4218,,
107678328RR0001,1,C,C170-1,MATTAGAMI REGION CONSERVATION AUTHORITY,Mattagami Region Conservation Authority,2023-06-22,1,100 LAKESHORE RD,TIMMINS,ON,P4N8R5,CA,(705)360-2660,info@mattagamiregion.ca,www.mattagamiregion.ca
107896136RR0001,10,C,C170-1,RIDEAU VALLEY CONSERVATION AUTHORITY,RIDEAU VALLEY CONSERVATION AUTHORITY,2005-09-06,1,"3889 RIDEAU VALLEY DRIVE, PO BOX 599",MANOTICK,ON,K4M1A5,CA,(613)692-3571,SARAH.WAYNEERVCA.CA,WWW.RVCA.CA
108145533RR0001,6,C,C170-1,TURTLE MOUNTAIN CONSERVATION DISTRICT NO 4,TURTLE MOUNTAIN CONSERVATION DISTRICT NO.4,2000-04-01,1,PO 508,DELORAINE,MB,R0M0M0,CA,,,
108145632RR0001,11,C,C170-1,INTER-MOUNTAIN WATERSHED DISTRICT,INTER-MOUNTAIN WATERSHED DISTRICT,1999-04-01,1,PO 449,STE ROSE DU LAC,MB,R0L1S0,CA,,TRWCD@MTS.NET,TRWCD.COM
118874858RR0001,10,C,C170-1,CONSERVATION COUNCIL OF ONTARIO.,CONSERVATION COUNCIL OF ONTARIO,2000-09-01,1,"465 YONGE STREET, POST OFFICE BOX 73021",TORONTO,ON,M4Y2W5,CA,(416)533-1635,INFO@WECONSERVE.CA,WWW.WECONSERVE.CA
118892736RR0001,11,C,C170-1,ECOLOGY NORTH,ECOLOGY NORTH,2007-03-01,1,PO BOX 1684 STN MAIN,YELLOWKNIFE,NT,X1A2P3,CA,(867)873-6019,ADMIN@ECOLOGYNORTH.CA,WWW.ECOLOGYNORTH.CA
119037893RR0001,11,C,C170-1,MEMPHREMAGOG CONSERVATION INC.,MEMPHREMAGOG CONSERVATION INC.,1970-01-01,2,"51, RUE CABANA",MAGOG,QC,J1X2C4,CA,(819)620-3939,,WWW.MEMPHREMAGOG.ORG
119071553RR0001,11,C,C170-1,OTTAWA FIELD NATURALISTS' CLUB,OTTAWA FIELD NATURALISTS' CLUB,1976-01-01,1,"P.O. BOX 35069, WESTGATE P.O.",OTTAWA,ON,K1Z1A2,CA,(613)736-7051,TREASURER@OFNC.CA,OFNC.CA
119075638RR0001,10,C,C170-1,PACIFIC SALMON FOUNDATION/FONDATION DU SAUMON DU PACIFIQUE,PACIFIC SALMON FOUNDATION FONDATION DU SAUMON DU PACIFIQUE,1987-08-14,1,320 - 1385 8TH AVE W,VANCOUVER,BC,V6H3V9,CA,(604)664-7664,SALMON@PSF.CA,WWW.PSF.CA
119088359RR0001,11,C,C170-1,THE PEMBROKE AREA FIELD NATURALISTS,THE PEMBROKE AREA FIELD NATURALISTS,1984-04-11,1,375 DORAN ST,PEMBROKE,ON,K8A4N3,CA,(613)732-8402,,WWW.PAFN.ON.CA
119228419RR0001,10,C,C170-99,THE CONSERVER SOCIETY OF HAMILTON AND DISTRICT INC.,THE CONSERVER SOCIETY OF HAMILTON AND DISTRICT INC.,1984-01-01,1,22 VEEVERS  DRIVE,HAMILTON,ON,L8K5P5,CA,(905)540-8787,CONTACT@CONSERVERSOCIETY.CA,WWW.CONSERVERSOCIETY.CA
119307890RR0001,10,C,C170-1,YUKON CONSERVATION SOCIETY,YUKON CONSERVATION SOCIETY,1980-01-01,1,302 HAWKINS ST,WHITEHORSE,YT,Y1A1X6,CA,(867)668-5678,OFFICE@YUKONCONSERVATION.ORG,yukonconservation.ca
119772523RR0001,3,C,C170-99,Trajectoire Québec,Trajectoire Québec,2021-10-19,2,"50, RUE SAINTE-CATHERINE O, PORTE 430",MONTREAL,QC,H2X3V4,CA,,,
123783847RR0001,10,C,C170-1,FRIENDS OF THE KERRY WOOD NATURE CENTRE,Friends of the Kerry Wood Nature Centre,1990-02-02,1,6300-45 AVE,RED DEER,AB,T4N3M4,CA,(403)346-2010,BOOKSTORE@WASKASOOPARK.CA,
124659707RR0001,4,C,C170-1,COMITÉ DE PROMOTION DES RESSOURCES NATURELLES DE ST-ELZÉAR INC.,Comité de promotion des ressources naturelles de St-Elzéar Inc.,2020-11-24,2,126 RTE DU PARC,SAINT-ELZEAR-DE-BONAVENTURE,QC,G0C2W0,CA,,,
126479468RR0001,3,C,C170-1,MANITOBA HABITAT HERITAGE CORPORATION,Manitoba Habitat Heritage Corporation,2021-02-01,1,302 - 140 BANNATYNE AVE,WINNIPEG,MB,R3B3C5,CA,,,
126481530RR0001,11,C,C170-1,QUIDI VIDI RENNIES RIVER DEVELOPMENT FOUNDATION,QUIDI VIDI/RENNIES RIVER DEVELOPMENT FOUNDATION,1994-01-29,1,5 NAGLE'S PLACE,ST JOHN'S,NL,A1B2Z2,CA,(709)754-3474,NHAWKINS@FLUVARIUM.CA,WWW.FLUVARIUM.CA
128565884RR0001,11,C,C170-1,RAVEN RECYCLING SOCIETY,RAVEN RECYCLING SOCIETY,1993-01-01,1,100 GALENA ROAD,WHITEHORSE,YT,Y1A2W6,CA,(867)667-7269,ED@RAVENRECYCLING.ORG,WWW.RAVENRECYCLING.ORG
129355418RR0001,10,C,C170-1,Jour de la Terre Canada Earth Day Canada,Jour de la Terre Canada / Earth Day Canada,2009-07-16,2,5818 BOUL SAINT-LAURENT,MONTREAL,QC,H2T1T3,CA,,INFO@JOURDELATERRE.ORG,WWW.JOURDELATERRE.ORG
129462537RR0001,6,C,C170-1,CONSEIL REGIONAL DE L'ENVIRONNEMENT ET DU DÉVELOPPEMENT DURABLE DU SAGUENAY-LAC-SAINT-JEAN,Conseil régional de l'environnement et du développement durable du Saguenay-Lac-Saint-Jean,2018-09-18,2,503 RUE SACRE-COEUR O,ALMA,QC,G8B1M4,CA,,,
129814729RR0001,10,C,C170-1,ROUGE VALLEY FOUNDATION,ROUGE VALLEY FOUNDATION,1984-04-01,1,1749 MEADOWVALE ROAD,SCARBOROUGH,ON,M1B5W8,CA,(416)282-8265,INFO@RVCC.CA,WWW.RVCC.CA
130560188RR0001,11,C,C170-1,MAKEWAY CHARITABLE SOCIETY,Makeway Charitable Society,1990-10-12,1,8FLOOR - 333 SEYMOUR ST,VANCOUVER,BC,V6B5A6,CA,(604)647-6611,,www.makeway.org
130616717RR0001,10,C,C170-1,ENVIRONMENT NORTH,ENVIRONMENT NORTH,1994-01-01,1,8 COTTAGE DR. E.,NEEBING,ON,P7L0A9,CA,(807)964-2253,FLMATY@TBAYTEL.NET,WWW.ENVIRONMENTNORTH.CA
130694706RR0001,11,C,C170-1,NORTHEAST RED WATERSHED DISTRICT,NORTHEAST RED WATERSHED DISTRICT,1998-04-01,1,66156 PINERIDGE RD,SUNNYSIDE,MB,R5R0G9,CA,,,
130858863RR0001,11,C,C170-1,Les Amis de CANOPÉE,Les Amis de CANOPÉE,2012-06-13,2,49 RANG DE L'EQUERRE,LAVAL,QC,H7L6A3,CA,,,
131200800RR0001,11,C,C170-1,RIDEAU ENVIRONMENTAL ACTION LEAGUE,Rideau Environmental Action League,2010-02-01,1,P.O. BOX  1061,SMITHS FALLS,ON,K7A5A5,CA,,,
131719973RR0001,10,C,C170-1,MANUELS RIVER COMMUNITY INC.,MANUELS RIVER COMMUNITY INC.,1997-02-19,1,7 CONCEPTION BAY HIGHWAY,CONCEPTION BAY SOUTH,NL,A1W3A2,CA,(709)834-2099,INFO@MANUELSRIVER.COM,WWW.MANUELSRIVER.COM
133948729RR0001,8,C,C170-1,NORTHERN ENVIRONMENTAL ACTION TEAM,NORTHERN ENVIRONMENTAL ACTION TEAM,2005-06-08,1,10003 95 AVE,FORT ST. JOHN,BC,V1J1H9,CA,,,
134509827RR0001,9,C,C170-1,VIA AGRO-ECOLOGIE (REGROUPEMENT ENVIRONNEMENTAL),VIA AGRO-ECOLOGIE (REGROUPEMENT ENVIRONNEMENTAL),1994-02-01,2,"2425 RUE DE L'UNIVERSITE, PAVILLON PAUL COMTOIS,LOC.0114",QUEBEC,QC,G1V0A6,CA,(418)656-2131,VIAAGROECOLOGIE@FSAA.ULAVAL.CA,WWW.IAAGRO.FSAA.VLAVAL.CA
134820927RR0001,11,C,C170-99,EASTERN ONTARIO FOREST GROUP,EASTERN ONTARIO FOREST GROUP,1999-04-01,1,3 - 10 CAMPUS DR,KEMPTVILLE,ON,K0G1J0,CA,(613)258-6587,MODELFOREST@EOMF.ON.CA,WWW.EOMF.ON.CA
135366219RR0001,11,C,C170-1,BEDEQUE BAY ENVIRONMENTAL MANAGEMENT ASSOCIATION INC,BEDEQUE BAY ENVIRONMENTAL MANAGEMENT ASSOCIATION INC,1998-04-01,1,1929 NODD RD,KINKORA,PE,C0B1N0,CA,(902)886-3211,,WWW.BBEMA.CA
135939643RR0001,11,C,C170-1,ST CROIX ESTUARY PROJECT INC,ST CROIX ESTUARY PROJECT INC,2000-04-01,1,350 TODDS POINT RD,DUFFERIN CHARLOTTE CO,NB,E3L3R8,CA,(506)467-9905,GNPEVENTS@LIVA.CA,WWW.GANONGNATUREPARK.COM
135979722RR0001,11,C,C170-1,ATLANTIC COASTAL ACTION PROGRAM (ACAP) SAINT JOHN INC,ATLANTIC COASTAL ACTION PROGRAM (ACAP) SAINT JOHN INC.,1999-06-24,1,323 - 139 PRINCE EDWARD ST,SAINT JOHN,NB,E2L3S3,CA,(506)652-2227,OFFICE@ACAPSJ.ORG,WWW.ACAPSJ.COM
138393608RR0001,11,C,C170-1,Comité ZIP Gaspésie,COMITÉ DE PROTECTION DE LA BAIE DES CHALEURS,2000-04-01,2,"506, 132 RTE E",BONAVENTURE,QC,G0C1E0,CA,(418)534-2121,INFO@ZIPGASPESIE.ORG,WWW.ZIPGASPESIE.ORG
139322861RR0001,10,C,C170-1,Association des Membres et Amis pour la Protection de la Réserve Nationale de Faune du Lac Saint-Francois,ASSOCIATION DES MEMBRES ET AMIS POUR LA PROTECTION DE LA RESERVE NATIONALE DE FAUNE DU LAC SAINT-FRANCOIS,1999-04-01,2,7600 CH DE LA POINTE-FRASER,SAINTE-AGNES-DE-DUNDEE,QC,J0S1L0,CA,(450)264-5908,INFO@AMISRNFLACSTFRANCOIS.COM,WWW.AMISRNFLACSTFRANCOIS.COM
140508276RR0001,10,C,C170-1,Groupe d'éducation et d'écosurveillance de l'eau (G3E),Groupe d'éducation et d'écosurveillance de l'eau (G3E),2011-07-21,2,"69 AVE JUCHEREAU, CP 700",QUÉBEC,QC,G1R4S9,CA,,,
140579962RR0001,10,C,C170-1,LANGLEY ENVIRONMENTAL PARTNERS SOCIETY,LANGLEY ENVIRONMENTAL PARTNERS SOCIETY,2000-01-01,1,201 4839 221 STREET,LANGLEY,BC,V3A2P1,CA,(604)340-9596,FINANCE@LEPS.BC.CA,WWW.LEPS.BC.CA
140691866RR0001,4,C,C170-1,CONSEIL DU PAYSAGE QUEBECOIS,CONSEIL DU PAYSAGE QUEBECOIS,2000-01-01,2,1910 RUE SHEPPARD,QUEBEC,QC,G1S1L2,CA,(418)683-9392,CONSEIL@PAYSAGE.QC.CA,WWW.PAYSAGE.QC.CA
140783861RR0001,11,C,C170-1,EASTERN CHARLOTTE WATERWAYS INC,EASTERN CHARLOTTE WATERWAYS INC,1996-04-01,1,881 MAIN STREET,BLACKS HARBOUR,NB,E5H1E6,CA,(506)456-6001,INFO@ECWINC.ORG,WWW.ECWINC.ORG
140871559RR0001,11,C,C170-1,CONSERVATION BAIE MISSISQUOI INC,Conservation Baie Missisquoi inc.,2013-01-22,2,2308 RUE LEON,CLARENCEVILLE,QC,J0J1B0,CA,(514)552-6448,CONSERVATIONBAIEMISSISQUOI@GMAIL.COM,CONSERVATIONBAIEMISSISQUOI.BLOGSPOT.CA
141156158RR0001,2,C,C170-1,Conseil régional de l'environnement Chaudière-Appalaches (creca),Conseil régional de l'environnement Chaudière-Appalaches,2022-08-10,2,2485 RUE SAINTE-HELENE,LEVIS,QC,G6Z7K7,CA,(418)832-2722,creca@creca.qc.ca,www.creca.qc.ca
141477380RR0001,11,C,C170-1,Comité de Surveillance Louis-Riel-Hochelaga,COMITÉ DE SURVEILLANCE LOUIS-RIEL,1998-01-01,2,6751A RUE BEAUBIEN EST,MONTREAL,QC,H1M3B2,CA,(514)899-0642,COORDINATION@CSLOUISRIEL.ORG,WWW.CSLOUISRIEL.ORG
142691476RR0001,10,C,C170-1,CENTRE HELIOS HELIOS CENTRE,CENTRE HELIOS/HELIOS CENTRE,2001-01-01,2,"326, BOUL. SAINT-JOSEPH E, PORTE 100",MONTREAL,QC,H2T1J2,CA,(514)849-7900,PHILIP@CENTREHELIOS.ORG,WWW.CENTREHELIOS.ORG
144945730RR0001,11,C,C170-1,ASSOCIATION DU MONT O'BRIEN MONT O'BRIEN ASSOCIATION,Association du Mont O'Brien / Mont O'Brien Association,2011-11-11,1,CASIER POSTALE 904,ALLEYN-ET-CAWOOD,QC,J0X1P0,CA,(819)467-2219,,WWW.MONTOBRIENASSOCIATION.ORG/
144969144RR0001,10,C,C170-1,Centre Sportif et Culturel du Collége St-Jean-Vianney,CENTRE SPORTIF ET CULTUREL DU COLLEGE ST-JEAN-VIANNEY,2005-03-30,2,"12630, BOULEVARD GOUIN EST",MONTREAL,QC,H1C1B9,CA,(418)640-2074,,
145059911RR0002,2,C,C170-99,Fondation rivières/Rivers foundation,Fondation rivières/Rivers Foundation,2022-03-24,2,2 - 454 AV LAURIER E,MONTREAL,QC,H2J1E7,CA,(514)272-2666 Ext. 23,fr@fondationrivieres.org,www.fondationrivieres.org
700546104RR0001,2,C,C170-1,Action Adstock pour le respect et la protection de l'environnement,Action Adstock pour le respect et la protection de l'environnement,2022-11-12,2,29 CH DU BOCAGE,ADSTOCK,QC,G0N1S0,CA,(418)265-3102,AARPE2022@outlook.com,
701727133RR0001,3,C,C170-1,MOUNTAIN WILDLIFE CONSERVATION SOCIETY,Mountain Wildlife Conservation Society,2021-11-15,1,300 - 1060 AUSTIN AVE,COQUITLAM,BC,V3K3P3,CA,(250)619-8415,mountainwildlifeconservation@gmail.com,
703168674RR0001,3,C,C170-2,Don't Mess with the Don,Don't Mess with the Don,2021-05-03,1,66 WESTWOOD AVE,EAST YORK,ON,M4K2A8,CA,(416)986-4496,Info@dontmesswiththedon.ca,www.dontmesswiththedon.ca
704172725RR0001,5,C,C170-1,AWINAKOLA FOUNDATION,AWINAKOLA FOUNDATION,2019-07-01,1,300 - 1208 PENDER ST W,VANCOUVER,BC,V6E2S8,CA,,victoria@beneficgroup.com,
705567287RR0001,2,C,C170-1,R & E Ocean Community Conservation,R & E Ocean Community Conservation,2021-04-06,1,2580 VALLEYRIDGE DR,OAKVILLE,ON,L6M5H5,CA,,info@oceancommunityconservation.org,oceancommunityconservation.org
706146404RR0001,2,C,C170-1,NWST Charitable Foundation,NWST Charitable Foundation,2023-05-09,1,9693 45 AVE NW,EDMONTON,AB,T6E5Z8,CA,(825)254-7171,rbs@nwstl.ca,www.nwstl.ca
706842937RR0001,2,C,C170-2,COLLINGWOOD CLIMATE ACTION TEAM,Collingwood Climate Action Team,2021-11-17,1,354 CEDAR ST,COLLINGWOOD,ON,L9Y3B1,CA,,collingwoodcat@gmail.com,www.collingwoodclimateaction.com
708960539RR0001,2,C,C170-1,Simon Lake Stewardship,Simon Lake Stewardship,2022-01-01,1,69 SIMON LAKE DR,NAUGHTON,ON,P0M2M0,CA,,,
708983549RR0001,1,A,C170-1,YEK W EMTUS FOUNDATION,Yek W Emtus Foundation,2023-09-23,1,1130 - 400 BURRARD ST,VANCOUVER,BC,V6C3A6,CA,,,
710520289RR0001,5,C,C170-1,WEST BEND GREEN COMMUNITY,West Bend Green Community,2019-03-07,1,"31 INDIAN ROAD CRESCENT,",TORONTO,ON,M6P2E9,CA,,ksharratt@bell.net,
713297893RR0001,7,C,C170-1,HORIZON-NATURE BAS-SAINT-LAURENT,HORIZON-NATURE BAS-SAINT-LAURENT,2017-11-10,2,103 - 570L RUE SAINT-GERMAIN E,RIMOUSKI,QC,G5L1G4,CA,,,
713976736RR0001,1,C,C170-2,Emissions Reduction Now,Emissions Reduction Now,2023-09-07,2,600 - 1250 RUE GUY,MONTREAL,QC,H3H2L3,CA,,info@emissionsreductionnow.com,https://emissionsreductionnow.com/
714254687RR0001,4,C,C170-2,LA TRANSFORMERIE,La Transformerie,2020-11-17,2,10322 RUE SAINT-DENIS,MONTREAL,QC,H3L2J1,CA,,,
715624128RR0001,5,C,C170-1,RUGGED COAST RESEARCH SOCIETY,Rugged Coast Research Society,2019-04-01,1,1840 KELSIE RD,NANAIMO,BC,V9X1B7,CA,,,
718814932RR0001,3,C,C170-1,Junglekeepers,Junglekeepers,2021-09-02,1,5710 RUE SAINT-ANDRE,MONTREAL,QC,H2S2K1,CA,(514)804-8812,contact@junglekeepers.org,www.junglekeepers.com
720704295RR0001,5,C,C170-99,OCEANS NORTH CONSERVATION SOCIETY,Oceans North Conservation Society,2020-01-27,1,"SUITE 301-302, 236 METCALFE ST",OTTAWA,ON,K2P1R3,CA,,,
721702520RR0001,6,C,C170-1,CANADIAN FRIENDS OF STOWE LAND TRUST,Canadian Friends of Stowe Land Trust / Amis Canadiens de la Fiducie Foncière de Stowe,2017-10-01,1,28 PLACE RICHELIEU,MONTREAL,QC,H3G1E8,CA,,,
721832319RR0001,2,C,C170-1,My Tree Planet (Canada),My Tree Planet (Canada),2019-01-23,1,424 BALLIOL ST,TORONTO,ON,M4S1E2,CA,,sean@lawgenie.ca,
722301405RR0001,2,B,C170-1,FRIENDS OF LAKE EUGENIA,Friends of Lake Eugenia,2022-09-16,1,161 NAPIER ST W,THORNBURY,ON,N0H2P0,CA,,helplakeeugenia@gmail.com,www.helplakeeugenia.com
725600522RR0001,5,C,C170-1,Saskatchewan Stock Growers Foundation INC.,Saskatchewan Stock Growers Foundation Inc.,2019-12-05,1,PO BOX 37078 RPO LANDMARK,REGINA,SK,S4S7K3,CA,,ssga@sasktel.net,
726219330RR0001,3,C,C170-1,DOUBLE BAY SANCTUARY FOUNDATION,Double Bay Sanctuary Foundation,2021-01-01,1,"PO BOX 246, GD",PORT MCNEILL,BC,V0N2R0,CA,,,
726608680RR0001,3,C,C170-1,BEAUFORT WATERSHED STEWARDS,Beaufort Watershed Stewards,2021-09-27,1,PO BOX 253,UNION BAY,BC,V0R3B0,CA,,info@beaufortwater.org,www.beaufortwater.org
727136327RR0001,6,C,C170-1,LIVING LAKES CANADA SOCIETY,Living Lakes Canada Society,2018-04-18,1,202A - 330 BAKER ST,NELSON,BC,V1L4H5,CA,,,
727744880RR0001,6,C,C170-1,Fondation pour la Conservation et la Protection Environnementale du Bassin Versant du Lac des Sittelles,Fondation pour la Conservation et la Protection Environnementale du Bassin Versant du Lac des Sittelles,2019-07-10,2,1 RUE DU LAC-DES-SITTELLES,AUSTIN,QC,J0B1B0,CA,,alan@ahlco.biz,
727895740RR0001,1,C,C170-1,Forêt de L'Isle,Forêt de L'Isle,2023-12-13,1,91 CHEMIN M,CHAPEAU,QC,J0X1M0,CA,,,www.foretdelisle.ca
728499724RR0001,4,A,C170-1,Aster Foundation Inc.,Aster Foundation Inc.,2020-05-11,1,28 HIGH MARSH RD,SACKVILLE,NB,E4L1K2,CA,(506)536-7560,Foundation.aster.foundation@gmail.com,
730195070RR0001,1,C,C170-99,HALIBURTON HIGHLANDS GREEN BURIAL SOCIETY INC.,Haliburton Highlands Green Burial Society INC.,2023-12-12,1,1193 BRAELOCH RD,ALGONQUIN HIGHLANDS,ON,K0M1S0,CA,(705)306-9254,hhgreenburialsociety@gmail.com,www.haliburtongreenburial.ca
730332871RR0001,4,C,C170-5,Les Gratuivores du Saguenay,Les Gratuivores du Saguenay,2021-09-28,2,101 RUE BOURGET,CHICOUTIMI,QC,G7G4V7,CA,,,
730903499RR0001,6,C,C170-1,Association du bassin versant du lac blue sea,Association du Bassin Versant du Lac Blue Sea,2018-09-05,2,70 RUE PRINCIPALE,MESSINES,QC,J0X2J0,CA,,,
732238472RR0002,1,C,C170-99,Forêt Capitale Forest,Forêt Capitale Forest,2023-07-19,1,1339 AVENUE R,OTTAWA,ON,K1G0C1,CA,,info@foretcapitaleforest.ca,foretcapitaleforest.ca
733159479RR0001,3,C,C170-99,QUADRA ISLAND CLIMATE ACTION NETWORK SOCIETY,Quadra Island Climate Action Network Society,2022-01-10,1,PO BOX 404,HERIOT BAY,BC,V0P1H0,CA,,quadraicansociety@gmail.com,www.quadraican.ca
734490311RR0001,4,C,C170-1,COASTAL RIVERS CONSERVANCY,Coastal Rivers Conservancy,2020-12-04,1,10809 MOUNTFORD AVE,SUMMERLAND,BC,V0H1Z2,CA,(250)462-8524,info@coastalriversconservancy.org,www.coastalriversconservancy.org
736636408RR0001,2,C,C170-1,WABAMUN WATERSHED MANAGEMENT COUNCIL,Wabamun Watershed Management Council,2022-10-21,1,PO BOX 1005,WABAMUN,AB,T0E2K0,CA,,info@wwmc.ca,www.wwmc.ca
736685116RR0001,4,C,C170-1,Endangered Ecosystems Alliance,Endangered Ecosystems Alliance,2021-11-25,1,PO BOX 21573 RPO LITTLE,VANCOUVER,BC,V5L5G2,CA,,info@endangeredecosystemsalliance.org,endangeredecosystemsalliance.org
737332130RR0001,3,C,C170-2,Deep Blue Cleanup - Nettoyage Grand Bleu,Deep Blue Cleanup - Nettoyage Grand Bleu,2021-04-01,1,2956 BARLOW CRES,DUNROBIN,ON,K0A1T0,CA,(438)356-9283,melanie@deepbluecleanup.com,www.deepbluecleanup.com
737663484RR0001,1,C,C170-1,Fondation Greenplace International,Fondation Greenplace International / Greenplace International Foundation,2023-09-21,2,77 RUE DE LA SARCELLE,VARENNES,QC,J3X2A2,CA,(450)652-6870,planet.sos@hotmail.com,www.planetsos.org
738660406RR0001,2,C,C170-99,Hope Network for the Ecosystem,Hope Network for the Ecosystem,2022-08-05,1,43 ROLLINGWOOD DR,NORTH YORK,ON,M2H2M4,CA,,,
738811470RR0001,5,C,C170-1,Friends of the Gatineau River,Friends of the Gatineau River,2020-04-09,1,347 CH DE LA RIVIERE,CHELSEA,QC,J9B2M6,CA,(613)298-7694,ontheriver@fog-arg.org,fog-arg.org/
739832517RR0001,5,C,C170-1,CHUTE CREEK STEWARDSHIP SOCIETY,CHUTE CREEK STEWARDSHIP SOCIETY,2019-02-07,1,510 - 5525 WEST BOULEVARD,VANCOUVER,BC,V6M3W6,CA,,,
740407739RR0001,1,C,C170-5,COSED CANADA,COSED Canada,2022-10-21,2,6 - 1 RUE DE LA SABLIERE,GATINEAU,QC,J8Z3L7,CA,(819)661-2051,ongcosed@gmail.com,agl012.wixsite.com/mysite
740918347RR0001,1,C,C170-1,CGLR Canada Foundation,CGLR Canada Foundation,2024-01-17,1,3247 CLEARWATER CRESCENT,OTTAWA,ON,K1V7S3,CA,,,
744122730RR0001,3,C,C170-1,NORTH SAANICH PARKS ECOSYSTEM RESTORATION SOCIETY,North Saanich Parks Ecosystem Restoration Society,2021-11-29,1,9768 THIRD ST,SIDNEY,BC,V8L3A4,CA,,,fnsp.ca
744185539RR0001,2,C,C170-1,Capitale Nature,Capitale Nature,2022-08-31,2,140 - 870 AV DE SALABERRY,QUEBEC,QC,G1R2T9,CA,,info@capitalenature.org,www.capitalenature.org
745761692RR0001,3,C,C170-1,Bee City Canada,Bee City Canada,2017-01-01,1,17 - 1875 LESLIE ST,NORTH YORK,ON,M3B2M5,CA,,,
746384700RR0001,1,C,C170-1,All Our Relations Land Trust,All Our Relations Land Trust,2023-01-01,1,3458 BUCK POINT LANE,INVERARY,ON,K0H1X0,CA,,allourrelationslandtrust@gmail.com,
747647733RR0001,3,C,C170-2,Green Light NB Enviro Club Feu Vert Inc.,Green Light NB Enviro Club Feu Vert Inc.,2021-12-20,1,399 ROUTE 255,SAINT-ANDRE,NB,E3Y2V5,CA,,greenlight.feuvert@gmail.com,
748567096RR0001,3,C,C170-1,GEORGIAN BAY GREAT LAKES FOUNDATION,Georgian Bay Great Lakes Foundation,2021-07-31,1,321 KINGSCROSS DR,KING CITY,ON,L7B1J9,CA,(905)833-2020,info@georgianbaygreatlakesfoundation.com,www.georgianbaygreatlakesfoundation.com
749456281RR0001,3,C,C170-99,Climatable Association,Climatable Association / Association Climatable,2019-09-04,1,4 - 5119 RUE SAINT-DENIS,MONTREAL,QC,H2J2M1,CA,,info@climatable.org,
750452070RR0001,3,C,C170-99,Canmore Community Cruiser Bike Share Society,Canmore Community Cruiser Bike Share Society,2021-01-27,1,621 5 ST,CANMORE,AB,T1W2E9,CA,,canmorecommunitycruisers@gmail.com,www.communitycruisers.ca
751364308RR0001,2,C,C170-1,Association pour la protection du lac de l'Achigan,Association pour la protection du lac de l'Achigan,2022-10-24,2,CP 53 SUCC BUREAU-CHEF,SAINT-HIPPOLYTE,QC,J8A3P4,CA,,info@aplaweb.ca,www.aplaweb.ca
753179936RR0001,3,C,C170-1,BEAVER HILLS BIOSPHERE REGION ASSOCIATION,Beaver Hills Biosphere Reserve Association,2021-10-27,1,17503 45 AVE NW,EDMONTON,AB,T6M2N3,CA,(780)483-1885,info@beaverhills.ca,www.beaverhills.ca
754158145RR0001,1,C,C170-1,Association des Riverains de la chaîne de lacs,Association des riverains de la chaine de lacs,2023-08-07,2,14 CH DES QUENOUILLES,ORFORD,QC,J1X6N9,CA,,arcdl@hotmail.com,www.arcdl.org
755435872RR0001,4,B,C170-1,Tadenac Conservation Foundation,Tadenac Conservation Foundation,2021-07-26,1,26 DAVY POINT CIR,KESWICK,ON,L4P3H3,CA,,,
755814803RR0001,2,C,C170-1,INITIATIVES BIODIVERSITÉ,Initiatives Biodiversité,2022-11-22,2,11655 RUE DE L'AGATE,MIRABEL,QC,J7N0E6,CA,,info@initiativesbiodiversite.org,www.initiativesbiodiversite.org
757405477RR0001,3,C,C170-3,Fonds Climat du Grand Montréal / Greater Montreal Climate Fund,Greater Montreal Climate Fund / Fonds Climat du Grand Montréal,2021-04-01,1,101 - 1095 RUE SAINT-ALEXANDRE,MONTREAL,QC,H2Z1P8,CA,(514)395-8823,,montrealclimatecentre.com/
759598741RR0001,2,C,C170-1,CANADIANS LOCALLY IMPROVING COMMUNITIES SOCIETY,Canadians Locally Improving Communities Society,2022-08-26,1,1800 - 510 GEORGIA ST W,VANCOUVER,BC,V6B0M3,CA,,theclicsociety@gmail.com,www.theclic.ca
761741727RR0001,6,C,C170-1,Institut des territoires,Institut des territoires,2018-05-01,2,309 RUE DE VILLEMURE,SAINT-JEROME,QC,J7Z5J5,CA,,,
762791093RR0001,6,C,C170-1,The ReUse People of Canada,The ReUse People of Canada,2018-02-22,1,"550 BURRARD STREET, SUITE 2300",VANCOUVER,BC,V6C2B5,CA,,,
762832269RR0001,1,C,C170-99,MVZEIF,MVZEIF,2023-01-01,1,2800 - 555 HASTINGS ST W,VANCOUVER,BC,V6B4N6,CA,,info@zeic.ca,www.zeic.ca
764037495RR0001,2,C,C170-2,Fondation Coule pas chez nous,Fondation Coule pas chez nous,2022-06-08,2,141 132 RTE E,BONAVENTURE,QC,G0C1E0,CA,,info@coulepascheznous.com,www.coulepascheznous.com
764056891RR0001,8,C,C170-1,"10,000 TREES FOR THE ROUGE","10,000 Trees For the Rouge",2017-01-10,1,1774 EASTBANK RD,PICKERING,ON,L1V3J9,CA,(905)420-9022,treasurer@10000trees.com,www.10000trees.com
764176467RR0001,2,C,C170-1,LIVING FOREST INSTITUTE SOCIETY,Living Forest Institute Society,2022-05-31,1,439 OCEAN VIEW DR,GIBSONS,BC,V0N1V5,CA,(778)338-4142,info@livingforestinstitute.ca,www.livingforestinstitute.ca
764281481RR0001,5,C,C170-1,COWICHAN ESTUARY NATURE CENTRE SOCIETY,Cowichan Estuary Nature Centre Society,2019-02-04,1,1845 COWICHAN BAY RD,COWICHAN BAY,BC,V0R1N0,CA,,,
764478939RR0001,3,C,C170-1,FRIENDS OF WOODHAVEN NATURE CONSERVANCY SOCIETY,Friends of Woodhaven Nature Conservancy Society,2021-01-01,1,989 MARANDA CRT,KELOWNA,BC,V1W2N9,CA,,,www.friendsofwoodhaven.ca/
765718309RR0001,1,C,C170-1,Escarpment Corridor Alliance,Escarpment Corridor Alliance,2023-09-15,1,64 HURONTARIO ST,COLLINGWOOD,ON,L9Y2L6,CA,,,https://myescarpment.ca
766569479RR0001,3,C,C170-1,ELK VALLEY REGIONAL LAND TRUST SOCIETY,Elk Valley Regional Land Trust Society,2022-05-26,1,21 ALPINE TRAIL CRES,FERNIE,BC,V0B1M5,CA,,info@elkvalleylandtrust.org,www.elkvalleylandtrust.org/
767014889RR0001,3,C,C170-99,London Environmental Institute,London Environmental Institute,2021-01-01,1,PO BOX 25054 STN LONDON,LONDON,ON,N6C6A8,CA,(226)700-6945,hello@londonenvironment.net,www.londonenvironment.net
768362147RR0001,2,B,C170-1,The Dragonfly Fund,The Dragonfly Fund,2022-01-01,1,2400 - 333 BAY ST,TORONTO,ON,M5H2T6,CA,,,
769959081RR0001,3,C,C170-1,South Shore Joint Initiative,South Shore Joint Initiative,2021-04-01,1,"2084 COUNTY RD 1, RR 1",BLOOMFIELD,ON,K0K1G0,CA,,southshoreji@gmail.com,www.ssji.ca
771658465RR0001,2,C,C170-99,CANADIAN CENTRE FOR RURAL CREATIVITY (CCRC),Canadian Centre for Rural Creativity (CCRC) Centre canadien pour la ruralité créative (CCRC),2022-11-17,1,34 DIXON AVE,TORONTO,ON,M4L1N3,CA,(226)501-4094,info@ruralcreativity.ca,www.ruralcreativity.org/
772087086RR0001,1,C,C170-99,Vegan Society of Canada,Vegan Society of Canada,2024-04-19,1,846 - 2967 DUNDAS ST W,TORONTO,ON,M6P1Z2,CA,(188)898-3426,info@vegancanada.org,www.vegancanada.org
772689949RR0001,4,C,C170-1,CULTUS LAKE STEWARDSHIP SOCIETY,Cultus Lake Stewardship Society,2021-05-27,1,4222 COLUMBIA VALLEY RD,CULTUS LAKE,BC,V2R5B6,CA,,ernie.vance@cultusstewards.ca,www.cultusstewards.ca
772901401RR0001,3,C,C170-1,Conservation Perkins-sur-le-lac,Conservation Perkins-sur-le-lac,2022-07-01,1,202 - 174 STANLEY AVE,OTTAWA,ON,K1M1P1,CA,,,accordion-sheep-arhy.squarespace.com
774049340RR0001,2,C,C170-1,Biosphere Eco-Cities Canada,Biosphere Eco-Cities Canada,2022-10-28,1,2203 ALTA VISTA DRIVE,OTTAWA,ON,K1H7L9,CA,,,
774422281RR0001,5,C,C170-1,FIRST NATIONS FISHERIES CHARITY FUND SOCIETY,First Nations Fisheries Charity Fund Society,2019-05-15,1,320 - 1200 73RD AVE W,VANCOUVER,BC,V6P6G5,CA,,karl@fnfisheriescouncil.ca,
774716500RR0001,1,C,C170-99,OCEANLAND FOUNDATION,Oceanland Foundation,2023-09-21,1,300 - 1208 PENDER ST W,VANCOUVER,BC,V6E2S8,CA,,,
774719942RR0001,1,C,C170-2,CALGARY CLIMATE HUB ASSOCIATION,Calgary Climate Hub Association,2023-04-26,1,"310 - 223 12 AVE SW, BOX 37",CALGARY,AB,T2R0G9,CA,(825)413-1555,Treasurer@calgaryclimatehub.ca,www.calgaryclimatehub.ca
775352206RR0001,1,C,C170-1,Corvus Centre for Conservation Policy,Corvus Centre for Conservation Policy,2023-04-18,1,105 - 11500 29 ST SE,CALGARY,AB,T2Z3W9,CA,(403)835-4891,info@corvus.ca,www.corvus.ca
777143876RR0001,5,C,C170-99,FRIENDS OF THE SASKATOON AFFORESTATION AREAS INC.,FRIENDS OF THE SASKATOON AFFORESTATION AREAS INC.,2019-10-08,1,210 APPLEBY CRT,SASKATOON,SK,S7M4B2,CA,,,stbarbebaker.wordpress.com
777867292RR0001,8,C,C170-1,CONSERVATION LAKEFIELD,Conservation Lakefield,2016-02-08,2,34 RUE DU TOUR-DU-LAC,GORE,QC,J0V1K0,CA,,info@conservationlakefield.ca,
778151803RR0001,1,C,C170-5,Be Earth Foundation,Be Earth Foundation,2023-01-23,1,918 - 614 LAKE ST,ST CATHARINES,ON,L2N6P6,CA,,,
779293497RR0001,6,C,C170-1,Éco-corridors laurentiens,Éco-corridors laurentiens,2018-04-01,2,517 RUE SAINT-GEORGES,SAINT-JEROME,QC,J7Z5B6,CA,,,
779494087RR0001,3,C,C170-3,YAACAN - YOUNG AFRICANS AND CANADIANS ACTING NOW,YAACAN - Young Africans and Canadians Acting Now,2019-05-08,1,610 - 123 SLATER ST,OTTAWA,ON,K1P5H2,CA,,mira@yaacan.org,
780362109RR0001,1,B,C170-2,Capture Carbon Canada Foundation,Capture Carbon Canada Foundation,2022-01-01,1,403 LAUREL GATE DR,WATERLOO,ON,N2T2S6,CA,,,www.capturecarbon.ca
782492474RR0001,4,B,C170-99,11504690 CANADA FOUNDATION,11504690 Canada Foundation,2019-10-28,1,9 ALFA STREET,NEPEAN,ON,K2J3S5,CA,,josh_juneau@hotmail.com,
783234123RR0001,8,C,C170-1,PLASTIC BANK FOUNDATION (CANADA),Plastic Bank Foundation (Canada),2016-05-01,1,1642 - 329 HOWE ST,VANCOUVER,BC,V6C3N2,CA,(778)384-6575,DAVID@PLASTICBANK.ORG,SOCIALPLASTIC.ORG
783318546RR0001,3,C,C170-1,LaHave Coastal Conservation Association,LaHave Coastal Conservation Association,2021-10-29,1,"711 MOUNT PLEASANT RD, RR 1",PLEASANTVILLE,NS,B0R1G0,CA,,support@lahavecoastal.ca,
783784002RR0001,3,B,C170-2,PLANET FOR ENVIRONMENTAL PEACE,Planet for Environmental Peace,2021-05-24,1,40 HILLDALE RD,YORK,ON,M6N3Y2,CA,,,www.planetforpeace.ca/
784811143RR0001,2,B,C170-1,Centre for Northern Conservation,Centre for Northern Conservation,2022-04-01,1,6600 - 40 KING ST W,TORONTO,ON,M5H3S1,CA,,,
785630278RR0001,2,C,C170-1,One School One Farm Shelterbelt Project,One School One Farm Shelterbelt Project,2022-03-03,1,825 AVENUE F N,SASKATOON,SK,S7L1W6,CA,(306)291-3877,info@oneschoolonefarm.com,oneschoolonefarm.com/
786588079RR0001,3,C,C170-1,SAVE ESTUARY LAND SOCIETY,Save Estuary Land Society,2021-03-27,1,1750 ADMIRAL TRYON BLVD,PARKSVILLE,BC,V9P2V2,CA,,saveestuaryland@gmail.com,savefrenchcreekestuaryland.ca
787605211RR0001,2,C,C170-2,Collectivités ZéN Outaouais,Collectivités ZéN Outaouais,2023-10-03,2,178 CH H.-ZURENSKI,VAL-DES-MONTS,QC,J8N5J2,CA,,collectivites.zen.outaouais@pourlatransitionenergetique.org,
787972710RR0001,3,C,C170-1,Fondation CO2 Capture/CO2 Capture Foundation,Fondation CO2 Capture/CO2 Capture Foundation,2019-07-19,2,"2828, BOULEVARD LAURIER, TOUR 1, 12E ETAGE",QUEBEC,QC,G1V0B9,CA,,Serge.Lebel@bcf.ca,
788115673RR0001,3,C,C170-99,4MILE CREEK ENHANCEMENT SOCIETY,4Mile Creek Enhancement Society,2022-02-14,1,"16967 PARKINSON ROAD, GD",PORT RENFREW,BC,V0S1K0,CA,(236)362-0067,,
788622348RR0001,1,C,C170-1,Save the Jungle,Save the Jungle,2021-01-26,1,53 - 601 SHORELINE DR,MISSISSAUGA,ON,L5B4K7,CA,,,
789123072RR0001,2,C,C170-1,TATLAYOKO FIELD STATION SOCIETY,Tatlayoko Field Station Society,2022-07-18,1,PO BOX 10,TATLAYOKO LAKE,BC,V0L1W0,CA,(250)476-1172,info@tatlayokofieldstation.org,www.tatlayokofieldstation.org
789683943RR0001,3,C,C170-1,CASTILLEJA CONSERVATION SOCIETY,Castilleja Conservation Society,2021-01-22,1,2130 KINGS RD,VICTORIA,BC,V8R2P9,CA,(250)592-8752,castilleja.con@gmail.com,
791148497RR0001,8,C,C170-1,Nature-Avenir,Nature-Avenir,2016-04-14,2,101 - 180 RUE SAINT-DAMASE,DRUMMONDVILLE,QC,J2B6G9,CA,,,
792839482RR0001,3,C,C170-1,2degres.org,2degres.org,2018-05-08,2,157 RUE DES ANCETRES,RIMOUSKI,QC,G0L1B0,CA,,,
792947012RR0001,1,B,C170-1,GREENOUGH AND NORTH BRUCE WILDERNESS ALLIANCE INC.,Greenough and North Bruce Wilderness Alliance Inc.,2023-11-01,1,130 FOXRIDGE DR,ANCASTER,ON,L9G5B9,CA,,,
793069337RR0001,1,C,C170-1,EcoSikh Canada Incorporated,ECOSIKH CANADA INCORPORATED,2020-11-02,1,1 - 3490 NINTH CONCESSION RD,PICKERING,ON,L1Y0A6,CA,,,
793924275RR0001,4,C,C170-1,STEWARDS OF THE LITTLE CAMPBELL RIVER SOCIETY,STEWARDS OF THE LITTLE CAMPBELL RIVER SOCIETY,2020-01-01,1,510 - 14588 MCDOUGALL DR,SURREY,BC,V4P0H1,CA,(604)385-1246,SLCRScharity@shaw.ca,
794957811RR0001,1,C,C170-1,Fiducie de conservation du ruisseau 53,Fiducie de conservation du ruisseau 53,2023-01-01,1,CP 220,HUDSON HEIGHTS,QC,J0P1J0,CA,,communication@creek53.org,www.creek53.org
796969301RR0001,3,C,C170-1,KIYOOKA LAND TRUST FOUNDATION,Kiyooka Land Trust Foundation,2022-03-04,1,PO BOX 406,VALEMOUNT,BC,V0E2Z0,CA,,kiyookalandtrust@gmail.com,www.kiyookalandtrust.org
797767001RR0001,3,C,C170-1,FRIENDS OF CEDARVALE FOCP,Friends of Cedarvale Park and Ravine (FOCP),2022-03-25,1,202 WYCHWOOD AVE,YORK,ON,M6C2T3,CA,,,
797968526RR0001,1,C,C170-1,Fondation Limnol Foundation,Fondation Limnol Foundation,2016-05-11,2,530 RUE DES PLAINES,SAINT-ANDRE-D'ARGENTEUIL,QC,J0V1X0,CA,,,
799293485RR0001,6,C,C170-1,L'association pour la protection de l'environnement du lac Stukely inc.,L'Association pour la Protection de l'Environnement du Lac Stukely inc.,2018-04-01,2,16 CHEMIN DES OBLATS,EASTMAN,QC,J0E1P0,CA,,,
799595467RR0001,3,C,C170-1,Fondation Uapishka,Fondation Uapishka,2021-08-16,2,31 AV MARQUETTE,BAIE-COMEAU,QC,G4Z1K4,CA,(418)296-1517,,
800625469RR0001,5,C,C170-1,Athabasca Watershed Council,Athabasca Watershed Council,2019-04-01,1,PO BOX 1058 STN MAIN,ATHABASCA,AB,T9S2A8,CA,,,
800994675RR0001,8,C,C170-1,"Compagnons de la Pointe Rouge, inc. Friends of Pointe Rouge, inc.","Compagnons de la Pointe Rouge, Inc. Friends of Pointe Rouge, Inc.",2016-01-01,2,794 DUNLOE AVE,OTTAWA,ON,K1K0K4,CA,(613)747-0402,JOHN.LEGGAT@GMAIL.COM,WWW.PARCLANGUEDOC.ORG
801301714RR0001,10,C,C170-1,LAKE WINDERMERE AMBASSADORS SOCIETY,Lake Windermere Ambassadors Society,2014-06-27,1,POST OFFICE BOX 601,INVERMERE,BC,V0A1K0,CA,(250)341-6898,INFO@LAKEAMBASSADORS.CA,WWW.LAKEAMBASSADORS.CA
801430307RR0001,9,C,C170-1,Finance Engage Sustain Financer Engager Soutenir,Finance Engage Sustain / Financer Engager Soutenir,2016-08-04,1,300 - 192 SPADINA AVE,TORONTO,ON,M5T2C2,CA,(416)786-8938,steve@fesplanet.org,FESPLANET.ORG
801685611RR0001,5,C,C170-1,JUNCTION CREEK STEWARDSHIP COMMITTEE INC.,Junction Creek Stewardship Committee Inc.,2019-01-07,1,B4 - 30 STE. ANNE RD,SUDBURY,ON,P3C5E1,CA,,,
801879719RR0001,11,C,C170-1,METRO EAST ANGLERS INC.,Metro East Anglers Inc.,2012-03-19,1,"75 SANS SOUCI RD, RR 3",NAPANEE,ON,K7R3K8,CA,(905)427-2044,BRUCE.BURT2@SYMPATICO.CA,WWW.METROEASTANGLERS.COM
802579854RR0001,11,C,C170-1,Regroupement pour la Pérennité de L'Ile Verte,Regroupement pour la pérennité de l'Ile Verte,2010-11-26,2,804 - 1625 RUE CLARK,MONTREAL,QC,H2X2R4,CA,(514)284-3248,ALINE.GRENON@GMAIL.COM,WWW.NOTREILEVERTE.ORG
802617316RR0001,4,C,C170-1,BC Small Wetlands Association,BC SMALL WETLANDS ASSOCIATION,2020-12-03,1,1978 PLEASANT VALLEY RD,ARMSTRONG,BC,V0E1B2,CA,(250)546-5021,bacraven@telus.net,smallwetlands.com
803245943RR0001,11,C,C170-1,MILK RIVER WATERSHED COUNCIL CANADA,Milk River Watershed Council Canada,2009-06-09,1,PO BOX 313,MILK RIVER,AB,T0K1M0,CA,,,
803451848RR0001,3,C,C170-1,COLUMBIA LAKE STEWARDSHIP SOCIETY,Columbia Lake Stewardship Society,2021-08-10,1,4441 CEDAR BAY,FAIRMONT HOT SPRINGS,BC,V0B1L2,CA,,columbialakess@shaw.ca,www.columbialakess.com
803498682RR0001,5,C,C170-1,Fondation de Conservation de l'île du Canard Blanc.,Fondation de conservation de l'île du Canard Blanc,2013-07-29,2,"280, CHEMIN DE LA BAIE-YELLE",LAC SIMON,QC,J0V1E0,CA,(819)428-7248,,
804821387RR0001,9,C,C170-1,HÉRITAGE PLEIN AIR DU NORD,Héritage Plein air du Nord,2015-07-31,2,8 CH DES TOURNESOLS,SAINTE-ANNE-DES-LACS,QC,J0R1B0,CA,(514)669-2869,HERITAGEDUNORD@GMAIL.COM,WWW.HERITAGEDUNORD.ORG
805114873RR0001,10,C,C170-1,Action Chelsea pour le respect de l'environnement (ACRE)/Action Chelsea for the respect of the environment (ACRE),Action Chelsea pour le respect de l'environnement (ACRE),2011-01-01,1,"64, CHEMIN JUNIPER, C.P. 1775",CHELSEA,QC,J9B1A1,CA,(819)827-4092,amberduncan@live.ca,www.naturechelsea.ca
805849916RR0001,11,C,C170-1,THE LAND BETWEEN,The Land Between,2013-01-22,1,"3014 KASHAGAWIGAMOG LAKE ROAD, PO BOX 1368",HALIBURTON,ON,K0M1S0,CA,(705)457-4838,manager@thelandbetween.ca,www.thelandbetween.ca
805979424RR0001,10,C,C170-1,SURFRIDER FOUNDATION CANADA CHAPTERS,SURFRIDER FOUNDATION CANADA CHAPTERS,2002-11-12,1,PO BOX 35015 RPO HILLSIDE,VICTORIA,BC,V8T5G2,CA,(949)492-8170,info@surfrider.ca,https://surfrider.ca
806160065RR0001,8,C,C170-1,Organisme de Bassin Versant Lac-Saint-Jean,Organisme de Bassin Versant Lac-Saint-Jean,2016-06-09,2,1013 RUE DU CENTRE-SPORTIF,NORMANDIN,QC,G8M4L7,CA,,,
806422630RR0001,5,C,C170-99,The Starfish Environmental Society,The Starfish Environmental Society,2019-04-01,1,PO BOX 35089 RPO HILLSIDE,VICTORIA,BC,V8T5G2,CA,,hello@thestarfish.ca,thestarfish.ca
806470746RR0001,10,C,C170-99,ASSOCIATION POUR LA PROTECTION DU BOISE SAINTE-DOROTHEE,ASSOCIATION POUR LA PROTECTION DU BOISE SAINTE-DOROTHEE,2006-02-14,2,6600 29E AV,LAVAL,QC,H7R3M3,CA,(450)719-0544,DG@APBSD.ORG,BOISESAINTEDOROTHEE.ORG
806962353RR0001,10,C,C170-1,GREEN THUMBS GROWING KIDS,Green Thumbs Growing Kids,2009-08-28,1,"3RD FLOOR, 585 DUNDAS STREET EAST",TORONTO,ON,M5A2B7,CA,(647)348-5437,SUNDAY@GREENTHUMBSTO.ORG,GREENTHUMBSTO.ORG
807168182RR0001,3,C,C170-1,Pôle d'excellence en récréotourisme en Outaouais,Pôle d'excellence en récréotourisme en Outaouais,2021-06-03,2,"295 MONTEE DU, LAC-DES-TRENTE-ET-UN-MILLES",BOUCHETTE,QC,J0X1E0,CA,,,
807820956RR0001,9,C,C170-1,THE CHILDREN'S CLEAN AIR NETWORK SOCIETY,The Children's Clean Air Network Society,2010-07-31,1,49 HILLWOOD CRES,HALIFAX,NS,B3M1J5,CA,(902)456-2550,RON@IDLEFREE.ORG,WWW.IDLEFREE.ORG
808060776RR0001,8,C,C170-1,ACTION BASSINS VERSANTS BROMONT,Action Bassins Versants Bromont,2016-03-16,2,102 - 201 RUE CHAMPLAIN,BROMONT,QC,J2L3B2,CA,,,
808172829RR0001,3,C,C170-1,NIAGARA ESCARPMENT BIOSPHERE INCORPORATED,Niagara Escarpment Biosphere Incorporated,2009-06-23,1,751 COULSON AVENUE,MILTON,ON,L9T4J3,CA,(905)299-4427,RICHARD.MURZIN@ESCARPMENTFUND.CA,WWW.ESCARPMENTFUND.CA
808638050RR0001,6,C,C170-1,BRANT LAND TRUST,Brant Land Trust,2018-02-28,1,"17 OXBOW LANE,",BRANTFORD,ON,N3T5L6,CA,,,
809488448RR0001,11,C,C170-1,GREEN TEAMS OF CANADA,Green Teams of Canada,2013-10-28,1,218 - 676 6TH AVE W,VANCOUVER,BC,V5Z1A3,CA,,,
809646003RR0001,10,C,C170-1,SECHELT GROVES SOCIETY,Sechelt Groves Society,2011-05-16,1,7000 SECHELT INLET RD,SECHELT,BC,V7Z0P1,CA,(604)885-5766,rdarcy@telus.net,secheltgroves.com
809966856RR0001,2,C,C170-1,PUITS BLANC,Puits Blanc / Pozo Blanco,2010-08-05,2,4900.19 JILLES COUKU,SHERBROOKE,QC,J1N0N6,CA,(819)612-1016,,
810189407RR0001,11,C,C170-1,South Shore Watershed Association Inc.,South Shore Watershed Association Inc.,2013-01-14,1,PO BOX 123,CRAPAUD,PE,C0A1J0,CA,(902)620-4701,LEELEE_42@YAHOO.COM,WWW.SSWA.CA
810198374RR0001,8,C,C170-1,PLANTA! - PLANTLIFE CONSERVATION SOCIETY,Planta! - Plantlife Conservation Society,2016-04-13,1,11733 GRAVES ST,MAPLE RIDGE,BC,V2X7R6,CA,(778)968-7537,INFO@PLANTA.NGO,WWW.PLANTA.NGO
810236273RR0001,11,C,C170-1,FRASER VALLEY WATERSHEDS COALITION,FRASER VALLEY WATERSHEDS COALITION,2010-08-10,1,45950 CHEAM AVENUE,CHILLIWACK,BC,V2P1N6,CA,(604)791-2235,INFO@FVWC.CA,WWW.FVWC.CA
810304576RR0001,9,C,C170-1,PurNat,PurNat,2014-10-10,2,"100, CH. DES ERABLES",SAINT-JEAN-D'ORLEANS,QC,G0A3W0,CA,,,
810739185RR0001,3,C,C170-1,ALTERNATIVE LAND USE SERVICES (ALUS) NORFOLK,Alternative Land Use Services (Alus) Norfolk,2021-08-20,1,40 RADICAL RD,SIMCOE,ON,N3Y4K2,CA,(519)420-8127,alusnorfolk@alus.ca,alus.ca/alus_community/alus-norfolk/
810978791RR0001,9,C,C170-1,Société de conservation du Mont Brome,Société de conservation du Mont Brome,2015-05-22,2,CP 95 SUCC BUREAU-CHEF,BROMONT,QC,J2L1A9,CA,,,
811018118RR0001,1,C,C170-3,QUEST - Quality Urban Energy Systems of Tomorrow/QUEST - Systèmes d'énergie de qualité pour les villes de demain,QUEST - Quality Urban Energy Systems of Tomorrow/QUEST - Systèmes d'énergie de qualité pour les villes de demain,2023-07-18,1,1220 - 350 ALBERT ST,OTTAWA,ON,K1R1A4,CA,(866)494-2770,ofatoki@questcanada.org,poweredbycommunities.ca
811512680RR0001,10,C,C170-1,Canadian Society for the Protection of Nature in Israel/ La Société canadienne pour la protection de la nature en Israël,Canadian Society for the Protection of Nature in Israel/ La Société canadienne pour la protection de la nature en Israël,2012-05-14,1,3 - 2 ROWLEY AVE,TORONTO,ON,M4P2S8,CA,(416)361-1982,,
811921501RR0001,11,C,C170-1,ONTARIOGREEN CONSERVATION ASSOCIATION,Ontariogreen Conservation Association,2012-07-14,1,3150 CULP RD,JORDAN STATION,ON,L0R1S0,CA,(905)964-8554,ontariogreenca@gmail.com,WWW.ONTARIOGREEN.CA
811966324RR0001,8,C,C170-1,ALUS Canada,ALUS Canada,2017-01-09,1,555 - 2938 DUNDAS ST W,TORONTO,ON,M6P1Y8,CA,(416)999-7985,IBISHOP@ALUS.CA,ALUS.CA
812044170RR0001,8,C,C170-1,ASSINIBOINE FOOD FOREST INCORPORATED,Assiniboine Food Forest Incorporated,2016-07-29,1,1735 ROSSER AVE E,BRANDON,MB,R7A7J2,CA,,,
812469260RR0001,3,C,C170-1,FONDATION DES PETITS PAS,Fondation des petits Pas,2010-08-24,2,12 RUE DE LA MONTAGNE,FOSSAMBAULT-SUR-LE-LAC,QC,G3N0N2,CA,,,
813412087RR0001,7,C,C170-1,FRIENDS OF SHOAL HARBOUR SANCTUARY ON THE SALISH SEA : IMPORTANT BIRD AREA SOCIETY,Friends of Shoal Harbour Sanctuary ON The Salish Sea: Important Bird Area Society,2017-05-31,1,11166 WILLOW RD,NORTH SAANICH,BC,V8L5K6,CA,(250)655-0295,BOBPEART@SHAW.CA,WWW.SHOALHARBOUR.COM
813713971RR0001,9,C,C170-1,THE SOCIETY FOR THE ENHANCEMENT OF WILD SALMON STOCKS WSU,The Society for the Enhancement of Wild Salmon Stocks WSU,2015-10-13,1,9378 CABOT TRAIL,MARGAREE,NS,B0E1Y0,CA,(902)248-2466,WILDSALMONUNLIMITED@GMAIL.COM,WWW.WILDSALMONUNLIMITED.COM
814722542RR0001,11,C,C170-1,LEAVE NO TRACE CANADA/SANS TRACE CANADA,Leave No Trace Canada/Sans Trace Canada,2007-05-21,2,7333 RUE SAINT-DENIS,MONTREAL,QC,H2R2E5,CA,(450)665-9343,INFO@SANSTRACE.CA,WWW.SANSTRACE.CA
814883930RR0001,11,C,C170-1,LIGHTS OUT CANADA INC.,Lights Out Canada Educational Program Incorporated,2013-10-04,1,821 GEORGIA PLACE,PARKSVILLE,BC,V9P1S1,CA,(250)248-5250,,
815590914RR0001,11,C,C170-1,Association pour la protection des milieux humides de la Cumberland,Association pour la protection des milieux humides de la Cumberland,2011-10-19,2,517 ROUTE TAYLOR,ST-GEORGES,QC,G5Y5C2,CA,,,
815686043RR0002,2,C,C170-99,FRIENDS OF THE MUSKOKA WATERSHED,Friends of the Muskoka Watershed,2022-09-02,1,PO BOX 416 STN MAIN,BRACEBRIDGE,ON,P1L1T7,CA,(705)640-0948,friends@fotmw.org,www.fotmw.org
815761556RR0001,10,C,C170-1,THE METCHOSIN FOUNDATION,The Metchosin Foundation,2009-09-24,1,4430 HAPPY VALLEY RD,VICTORIA,BC,V9C3Z3,CA,(250)474-3817,METCHOSINFOUNDATION@GMAIL.COM,METCHOSINFOUNDATION.CA
815852348RR0001,11,C,C170-1,WATERLOO REGION GREEN SOLUTIONS,Waterloo Region Green Solutions,2009-01-01,1,20 MILL STREET,KITCHENER,ON,N2G2Y3,CA,(519)744-6583,INFO@REEPGREEN.CA,WWW.REEPGREEN.CA
816023824RR0001,1,C,C170-1,GREENHERE: COMMUNITY REFORESTATION AND GREENING INITIATIVES,Greenhere: Community Reforestation and Greening Initiatives,2010-01-01,1,284 SALEM AVE,TORONTO,ON,M6H3C7,CA,(416)901-2006,INFO@GREENHERE.CA,WWW.GREENHERE.CA
816194724RR0001,7,C,C170-1,FRIENDS OF BLACK MOUNTAIN / SNTSK'IL'NTON SOCIETY,Friends of Black Mountain / SNTSK'IL'NTON Society,2017-05-02,1,3110 WALNUT ST,KELOWNA,BC,V1W3T7,CA,(250)762-6941,IANPOOLEY@SHAW.CA,FRIENDSOFBLACKMOUNTAIN.COM
816315691RR0001,11,C,C170-1,Kensington North Watersheds Association Ltd.,Kensington North Watersheds Association Ltd.,2011-10-28,1,PO BOX 187,KENSINGTON,PE,C0B1M0,CA,(902)439-8878,KENSINGTONNORTHWATERSHED@GMAIL.COM,WWW.KNWSA.COM
818085524RR0001,8,C,C170-1,Organisation agricole de solidarité urbaine et rurale,Organisation agricole de solidarité urbaine et rurale,2016-03-21,2,6411 RUE BEURLING,VERDUN,QC,H4H1E2,CA,(514)766-1688,INFO.OASUR@GMAIL.COM,WWW.OASUR.ORG
818663940RR0001,11,C,C170-1,HOPE MOUNTAIN CENTRE FOR OUTDOOR LEARNING SOCIETY,Hope Mountain Centre for Outdoor Learning Society,2009-06-23,1,PO BOX 115,HOPE,BC,V0X1L0,CA,(604)869-9757,MIKE@MILLARS.CA,WWW.HOPEMOUNTAIN.ORG
818738064RR0001,10,C,C170-1,Saskatchewan Riverkeeper,Saskatchewan Riverkeeper,2010-03-22,1,15625 WHITEMUD ROAD,EDMONTON,AB,T6H4N3,CA,(780)916-2504,PHYSIQUEFITNESS@TELUS.NET,WWW.SASKRIVERKEEPER.CA
818976110RR0001,11,C,C170-1,CANADA (EATS) ECOLOGICAL AGRICULTURAL TRUST SOCIETY,CANADA (EATS) ECOLOGICAL AGRICULTURAL TRUST SOCIETY,2011-04-18,1,300 - 1208 PENDER ST W,VANCOUVER,BC,V6E2S8,CA,,,
819185299RR0001,10,C,C170-1,MAGNETAWAN WATERSHED LAND TRUST,Magnetawan Watershed Land Trust,2010-01-01,1,"51 KING WILLIAM ROAD,, PO BOX 300018",HUNTSVILLE,ON,P1H0B5,CA,(705)783-1772,MAGNETAWANWLT@GMAIL.COM,WWW.MWLT.ORG
819350869RR0001,11,C,C170-1,Conseil du bassin versant de la région de Vaudreuil-Soulanges,Conseil du bassin versant de la région de Vaudreuil-Soulanges,2013-05-09,2,13 RUE SAINTE-CATHERINE,SAINT-POLYCARPE,QC,J0P1X0,CA,(450)216-0707,dg@cobaver-vs.org,www.cobaver-vs.org
819593070RR0001,10,C,C170-1,BONNECHERE RIVER WATERSHED PROJECT,BONNECHERE RIVER WATERSHED PROJECT,2006-01-01,1,26 PUCKER ST,RENFREW,ON,K7V3Z9,CA,(613)432-9439,FOX@REMC.IGS.NET,CHAIR@BONNECHERERIVER.CA
820606531RR0001,4,C,C170-99,COLUMBIA SHUSWAP INVASIVE SPECIES SOCIETY,COLUMBIA SHUSWAP INVASIVE SPECIES SOCIETY,2020-01-01,1,"101A SECOND ST EAST, PO BOX 2853",REVELSTOKE,BC,V0E2S0,CA,,,
820624476RR0001,11,C,C170-1,RED DEER RIVER WATERSHED ALLIANCE SOCIETY,Red Deer River Watershed Alliance Society,2010-04-01,1,4918-59 STREET,RED RIVER,AB,T4N2N1,CA,(403)340-7379,INFO@RDRWA.CA,WWW.RDRWA.CA
821618139RR0001,10,C,C170-1,Oceana Canada,Oceana Canada,2013-06-18,1,505-18 KING STREET EAST,TORONTO,ON,M5C1C4,CA,(416)583-2350,AIVANKINE@OCEANA.CA,WWW.OCEANA.CA
821655875RR0001,5,C,C170-1,Quality Deer Management Association - Canada,Quality Deer Management Association - Canada,2009-01-01,1,12120 BOUL SAINTE-COLETTE,MONTREAL-NORD,QC,H1G4V6,CA,,,
822656302RR0001,9,C,C170-1,ANDREW DANIELS FISH STEWARDSHIP FOUNDATION,Andrew Daniels Fish Stewardship Foundation,2015-01-01,1,1160 FAIRY FALLS RD,BAYSVILLE,ON,P0B1A0,CA,(705)571-0605,adfsp@live.com,
823028774RR0001,7,C,C170-1,Fondation CO2 Environnement,Fondation CO2 Environnement,2014-03-26,2,1600D CH D'OKA,OKA,QC,J0N1E0,CA,(514)953-5957,,WWW.UNEPOMMEPOURTOUS.COM
823194881RR0001,11,C,C170-1,FORÊT HEREFORD INC.,Forêt Hereford Inc.,2012-10-31,2,294 RUE SAINT-JACQUES N,COATICOOK,QC,J1A2R3,CA,(819)849-0446,,FORETHEREFORD.ORG
824169874RR0001,10,C,C170-1,SKELETON LAKE STEWARDSHIP ASSOCIATION,Skeleton Lake Stewardship Association,2006-01-01,1,"PO BOX 65151, RPO MISSION HILL PL",ST. ALBERT,AB,T8N5Y3,CA,(780)265-3060,INFO@SKELETONLAKE.COM,SKELETONLAKE.COM
824410526RR0001,10,C,C170-1,THOUSAND ISLANDS WATERSHED LAND TRUST,Thousand Islands Watershed Land Trust,2008-07-15,1,P.O. BOX 135,ATHENS,ON,K0E1B0,CA,(613)659-4824,INFO@TIWLT.CA,WWW.TIWLT.CA
824873871RR0001,4,C,C170-1,CLUB PLEIN AIR DE PREVOST,Club du parc de la Coulée,2020-01-01,2,"1020 RUE DU CLOS-DU-CELLIER, RR 5",PREVOST,QC,J0R1T0,CA,(450)224-8888 Ext. 0,parcdelacoulee@hotmail.com,
825034150RR0001,2,C,C170-1,ALBERTA ENVIRO PROTECTION SOCIETY,Alberta Enviro Protection Society,2010-01-01,1,11237 77 AVE NW,EDMONTON,AB,T6G0L7,CA,(780)435-9537,,
825068745RR0001,11,C,C170-1,EAST INTERLAKE WATERSHED DISTRICT,EAST INTERLAKE WATERSHED DISTRICT,2006-06-28,1,PO BOX 1740,GIMLI,MB,R0C1B0,CA,(204)642-7578,admin@eastinterlake.ca,www.eastinterlake.ca
825115215RR0001,10,C,C170-1,SAULT NORTH WASTE MANAGEMENT COUNCIL,Sault North Waste Management Council,2009-01-01,1,500 BAY ST.,SAULT STE. MARIE,ON,P6A1X5,CA,(705)251-1876,INFO@SNWMC.COM,WWW.SNWMC.COM
825247810RR0001,11,C,C170-1,COLUMBIA WETLANDS STEWARDSHIP PARTNERS,Columbia Wetlands Stewardship Partners,2009-05-21,1,5013 BUGABOO ST,SPILLIMACHEEN,BC,V0A1P0,CA,(250)346-3390,NALT@WINKWIRELESS.CA,WWW.CWSP.CA
825581614RR0001,11,C,C170-1,FRIENDS OF THE DEMPSTER COUNTRY SOCIETY,Friends of the Dempster Country Society,2009-08-19,1,PO BOX 1709,DAWSON CITY,YT,Y0B1G0,CA,(867)393-3217,FRIENDSOFDEMPSTER@GMAIL.COM,WWW.DEMPSTERCOUNTRY.CA
825764475RR0001,10,C,C170-1,BVLD AIRSHED MANAGEMENT SOCIETY,BVLD AIRSHED MANAGEMENT SOCIETY,2006-07-05,1,"3726 ALFRED AVENUE, BAG 5000",SMITHERS,BC,V0J2N0,CA,(250)847-7260,INFO@CLEANAIRPLAN.CA,WWW.CLEANAIRPLAN.CA
826078966RR0001,11,C,C170-1,LESSER SLAVE WATERSHED COUNCIL,Lesser Slave Watershed Council,2010-04-01,1,PO BOX 2607,HIGH PRAIRIE,AB,T0G1E0,CA,(780)523-9800,MEGHANPAYNE@LSWC.CA,WWW.LSWC.CA
827770686RR0001,11,C,C170-1,BLUE FISH CANADA,Blue Fish Canada/Poisson Bleu Canada,2012-04-25,1,1 - 230 BLACKBURN AVE,OTTAWA,ON,K1N8A8,CA,(613)232-2028,BLUEFISHCANADA@GMAIL.COM,www.bluefishcanada.com
828315366RR0001,2,C,C170-1,BIOSPHERE CONSERVATION FOUNDATION,Biosphere Conservation Foundation,2009-02-05,1,503 DAVENPORT ROAD,TORONTO,ON,M4B1V6,CA,(416)960-8121,RBARNETT@ESCARPMENT.CA,ESCARPMENT.CA
828464560RR0001,10,C,C170-1,SAUVE-GARDE NATURE,SAUVE-GARDE NATURE,2007-01-01,2,"685, AVENUE VENISE OUEST",VENISE-EN-QUEBEC,QC,J0J2K0,CA,(450)244-6436,SAUVEGARDENATURE@GMAIL.COM,WWW.SAUVEGARDENATURE.ORG
828680892RR0001,10,C,C170-1,THE QUAMICHAN WATERSHED STEWARDSHIP SOCIETY,The Quamichan Watershed Stewardship Society,2009-07-04,1,1796 STAMPS ROAD,DUNCAN,BC,V9L5W2,CA,(250)748-9198,JLCOSH@SHAW.CA,QUAMICHANLAKE.CA
829024603RR0001,11,C,C170-1,CENS,CENS,2011-04-01,2,CP 84 SUCC BUREAU-CHEF,BROMONT,QC,J2L1A9,CA,(450)539-4016,INFO@CENSHEFFORD.CA,WWW.CENSHEFFORD.CA
829559129RR0001,11,C,C170-1,YOUNG NATURALISTS CLUB,Young Naturalists Club,2012-04-01,1,1747 SUMMER ST,HALIFAX,NS,B3H3A6,CA,(902)455-5643,YNCNS@YNCNS.CA,WWW.YNCNS.CA
829911999RR0001,9,C,C170-1,Cornerstone Standards Council,CORNERSTONE STANDARDS COUNCIL,2015-06-01,1,9520 PINE VALLEY DRIVE,WOODBRIDGE,ON,L4L1A6,CA,,,
830152294RR0001,6,C,C170-1,FRONTENAC STEWARDSHIP FOUNDATION,Frontenac Stewardship Foundation,2009-04-01,1,6144 BUCKSHOT LAKE RD,PLEVNA,ON,K0H2M0,CA,(613)479-8057,EMERYRD@GMAIL.COM,"BRET COLMAN, TREASURER"
830174959RR0001,5,C,C170-1,WATER MATTERS SOCIETY OF ALBERTA,WATER MATTERS SOCIETY OF ALBERTA,2008-01-01,1,410 - 10115 100A ST NW,EDMONTON,AB,T5J2W2,CA,(403)679-8577,CARLOS@WATER-MATTERS.ORG,WWW.WATER-MATTERS.ORG
830429486RR0001,10,C,C170-1,SOURCES OF KNOWLEDGE FORUM,Sources of Knowledge Forum,2012-10-01,1,"120 CHI SIN TIB DEK RD, PO BOX 18",TOBERMORY,ON,N0H2R0,CA,(519)793-4045,INFO@SOURCESOFKNOWLEDGE.CA,WWW.SOURCESOFKNOWLEDGE.CA
831268354RR0001,11,C,C170-1,Projet de la réalité climatique Canada / The climate realityproject Canada,Projet de la réalité climatique Canada/ The Climate Reality Project Canada,2007-09-26,1,"50 RUE SAINTE-CATHERINE O, BUREAU 360",MONTREAL,QC,H2X3V4,CA,(514)658-1752,ADEPAUTT@CLIMATEREALITY,CLIMATEREALITY.CA
831454020RR0001,10,C,C170-1,Friends of Mount Carleton Provincial Park Inc.,Friends of Mount Carleton Provincial Park Inc.,2009-10-20,1,281 MAIN STREET,PLASTER ROCK,NB,E7G2G3,CA,(506)356-8497,suetomsumi@gmail.com,www.friendsofmountcarletonpark
831460936RR0001,10,C,C170-1,Conservation Manitou,Conservation Manitou,2013-02-14,1,4342 WESTMOUNT AVENUE,WESTMOUNT,QC,H3Y1W3,CA,,,
832712442RR0001,11,C,C170-1,Fairy Lake Environmental Association,Fairy Lake Environmental Association,2012-11-11,1,37 KING WILLIAM STREET,HUNTSVILLE,ON,P1H1G4,CA,(705)789-6815,,
832756332RR0001,10,C,C170-1,BELLEISLE WATERSHED COALITION INC.,Belleisle Watershed Coalition Inc.,2015-05-05,1,2127 ROUTE 124,HATFIELD POINT,NB,E5T2S4,CA,(506)485-0890,DIANE@LBISHOP.NET,WWW.BELLEISLEBAY.CA
833497084RR0001,10,B,C170-1,AMAZON RAINFOREST CONSERVANCY,Amazon Rainforest Conservancy,2014-03-03,1,23 SUNSET DR,ORANGEVILLE,ON,L9W2G8,CA,(905)703-1515,JANABELLEXPLORNET.COM,AMAZONRAINFORESTCONSERVANCY.COM
834146789RR0001,8,C,C170-1,THE FRIENDS OF MALTBY LAKE WATERSHED SOCIETY,The Friends of Maltby Lake Watershed Society,2016-03-14,1,4328 PROSPECT LAKE RD,VICTORIA,BC,V9E1J2,CA,(250)953-9242,POTTER-HENDRICK@SHAW.CA,WWW.MALTBYLAKE.COM
835594722RR0001,11,C,C170-1,CAROLINIAN CANADA COALITION,CAROLINIAN CANADA COALITION,2008-06-04,1,1017 WESTERN ROAD,LONDON,ON,N6G1G5,CA,(519)433-7077,,WWW.CAROLINIAN.ORG
835673310RR0001,10,C,C170-1,FREE SPIRIT GARDENS,Free Spirit Gardens,2011-03-21,1,633 SIXTH ST,COLLINGWOOD,ON,L9Y3Y9,CA,(705)351-0135,FREESPIRITGARDENS@GMAIL.COM,WWW.FREESPIRITGARDENS.ORG
836125666RR0001,10,C,C170-1,ABBEY GARDENS COMMUNITY TRUST,Abbey Gardens Community Trust,2012-10-23,1,1012 GARDEN GATE DRIVE,HALIBURTON,ON,K0M1S0,CA,,,
836159731RR0001,9,C,C170-1,COWICHAN ESTUARY RESTORATION AND CONSERVATION ASSOCIATION,Cowichan Estuary Restoration and Conservation Association,2015-01-23,1,1069 KHENIPSEN RD,DUNCAN,BC,V9L5L3,CA,(250)701-7013,MMRIESS@SHAW.CA,WWW.COWICHANESTUARY.COM
836166389RR0001,7,C,C170-1,MUSKRAT WATERSHED COUNCIL,MUSKRAT WATERSHED COUNCIL,2018-01-21,1,"44 MAIN STREET, P.O. BOX 317",COBDEN,ON,K0J1K0,CA,(513)432-5768,MUSKRATWATERSHEDCOUNCIL@GMAIL.CA,WWW.MUSKRATWATERSHEDCOUNCIL.COM
836429514RR0001,5,C,C170-1,L.E.A.F. (LIVING EARTH AWARENESS FOUNDATION),L.E.A.F. (Living Earth Awareness Foundation),2014-01-30,1,405 1280 FINCH AVENUE WEST,TORONTO,ON,M2J3K6,CA,,,
836639146RR0001,3,C,C170-1,LADIES OF THE LAKE Conservation Association,Ladies of the Lake Conservation Association,2008-08-08,1,120 PRIMEAU DR,AURORA,ON,L4G6Z4,CA,(905)841-2829,JANIS.MACASKILL@SYMPATICO.CA,
836727644RR0001,11,C,C170-1,Nature United/ Nature Unie,Nature United/ Nature Unie,2014-03-18,1,331 - 366 ADELAIDE ST E,TORONTO,ON,M5A3X9,CA,(416)238-9597,BILL.WOODLEY@TNC.ORG,NATURE UNITED
836815514RR0001,8,C,C170-1,Amis et Riverains de la Rivière Chateuaguay,Amis et Riverains de la Rivière Chateauguay,2011-07-18,2,A - 208 BOUL SALABERRY N,CHATEAUGUAY,QC,J6J4L1,CA,(450)427-7445,TOUCHETTER@VIDEOTRON.CA,WWW.RIVIERECHATEAUGUAY.ORG
837637693RR0001,11,B,C170-1,CAMPUS ENVIRONNEMENTAL DE L'OUTAOUAIS/ OUTAOUAIS ENVIRONMEN NTAL CAMPUS,Campus environnemental de l'Outaouais/Outaouais Environmental Campus,2010-03-18,1,29 CH THROWSSE,WAKEFIELD,QC,J0X3G0,CA,(819)459-1128,CMINNES@ECOECHO.CA,ECOECHO.CA
837687243RR0001,11,C,C170-1,FOREST TRUST FOR THE CHILDREN OF CORTES ISLAND SOCIETY,Forest Trust for the Children of Cortes Island Society,2013-11-18,1,"BOX 68, 1457 BAYVIEW ROAD",WHALETOWN,BC,V0P1Z0,CA,(250)935-6801,DIRECTORS@CORTESHILDRENSFORESTRUST.ORG,WWW.CORTESCHILDRENSFORESTTRUST.ORG
838399103RR0001,11,C,C170-1,FRESHWATER FUTURE CANADA,FRESHWATER FUTURE CANADA,2013-04-05,1,PO BOX 1442 STN MAIN,GUELPH,ON,N1H6N9,CA,(416)960-2284,JILL@FRESHWATERFUTURE.ORG,FRESHWATERFUTURE.ORG
838844637RR0001,6,C,C170-1,ELK RIVER WATERSHED ALLIANCE,Elk River Watershed Alliance,2018-08-01,1,PO BOX 2095,FERNIE,BC,V0B1M0,CA,(250)423-3322,info@elkriveralliance.ca,www.elkriveralliance.ca
839023157RR0001,2,C,C170-1,THE SOS MARINE CONSERVATION FOUNDATION,THE SOS MARINE CONSERVATION FOUNDATION,2009-01-01,1,"#2510, 246 STEWART GREEN SW",CALGARY,AB,T3H3C8,CA,,,
839086345RR0001,10,C,C170-1,THE T'AKHU A TLEN CONSERVANCY,The T'Akhu A Tlen Conservancy,2009-08-01,1,1800 - 510 GEORGIA ST W,VANCOUVER,BC,V6B0M3,CA,,,
839116464RR0001,2,C,C170-1,Manitoba Association of Watersheds Inc.,Manitoba Association of Watersheds Inc.,2022-07-01,1,201 - 1465 BUFFALO PL,WINNIPEG,MB,R3T1L8,CA,(204)570-0164,lynda@manitobawatersheds.org,manitobawatersheds.org
840103444RR0001,11,C,C170-1,Fondation Gaia Nova,Fondation Gaïa Nova / Gaïa Nova Foundation,2013-08-27,2,858 AV DU MONT-ROYAL E,MONTREAL,QC,H2J1X1,CA,,,
840443899RR0001,11,C,C170-1,MALASPINA LAND CONSERVANCY SOCIETY,Malaspina Land Conservancy Society,2010-01-26,1,3852 GORDON AVE,POWELL RIVER,BC,V8A2T5,CA,(604)485-0077,INFO@MALASPINALAND.CA,WWW.MALASPINALAND.CA
840630081RR0001,10,C,C170-1,WHISTLER CENTRE FOR SUSTAINABILITY INSTITUTE SOCIETY,Whistler Centre for Sustainability Institute Society,2012-01-01,1,201 - 4230 GATEWAY DR,WHISTLER,BC,V8E0Z8,CA,,,
840904817RR0001,10,C,C170-1,Wilderness International (Canada),Wilderness International (Canada),2008-01-14,1,345 - 4301B SOUTH PARK DR,STONY PLAIN,AB,T7Z2A9,CA,(613)235-4774,,
841320518RR0001,8,C,C170-1,Sollicité,Sollicité,2016-04-15,2,"1240, RUE SAINT-MARC",MONTREAL,QC,H3H2E5,CA,(514)933-1069,DIRECTION@SAESEM.ORG,www.sollicite.org
841459423RR0001,10,C,C170-99,COMMUNITY FORESTS INTERNATIONAL,Community Forests International,2009-11-01,1,10 SCHOOL LANE,SACKVILLE,NB,E4L3J9,CA,(506)536-3738,INFO@FORESTSINTERNATIONAL.ORG,WWW.FORESTSINTERNATIONAL.ORG
841673536RR0001,10,C,C170-1,THE NATIONAL TRUST FOR LAND AND CULTURE (B.C.) SOCIETY,The National Trust for Land and Culture (B.C.) Society,2013-01-19,1,2190 HARBOUR VIEW ROAD,SOOKE,BC,V9Z0G5,CA,(250)642-0115,IFAWCETT@NTLCBC.CA,WWW.NTLCBC.CA
841695174RR0001,5,C,C170-1,POLLINATOR PARTNERSHIP CANADA,Pollinator Partnership Canada,2019-07-10,1,40 LAUDER AVE,TORONTO,ON,M6H3E3,CA,,,
841968670RR0001,7,C,C170-1,KELLIGREWS ECOLOGICAL ENHANCEMENT PROGRAM INC.,KELLIGREWS ECOLOGICAL ENHANCEMENT PROGRAM INC.,2005-04-01,1,P. O. BOX 17173,KELLIGREWS,NL,A1X3A1,CA,(709)834-4915,,WWW.ENVISION.CA
842088528RR0001,1,C,C170-1,INVASIVE SPECIES COUNCIL OF METRO VANCOUVER SOCIETY,Invasive Species Council of Metro Vancouver Society,2023-06-12,1,7170 CAMANO ST,VANCOUVER,BC,V5S4B9,CA,,,
842134132RR0001,2,C,C170-99,Canadian Council on Invasive Species,Canadian Council on Invasive Species / Conseil canadien des especes envahissantes,2022-05-18,1,72 SEVENTH AVE S,WILLIAMS LAKE,BC,V2G4N5,CA,(249)353-2247,coordinator@canadainvasives.ca,canadainvasives.ca/
842270241RR0001,3,C,C170-1,SHAWNIGAN BASIN SOCIETY,Shawnigan Basin Society,2021-01-01,1,"1760 SHAWNIGAN-MILL BAY RD, UNIT 102",SHAWNIGAN LAKE,BC,V8H3B7,CA,(250)880-8245,info@shawniganbasinsociety.org,www.shawniganbasinsociety.org
842713125RR0001,11,C,C170-1,PIMACHIOWIN AKI CORP.,Pimachiowin Aki Corp.,2008-09-01,1,PO BOX 204 RPO CORYDON,WINNIPEG,MB,R3M3S7,CA,(204)275-1564,ALISON@PIMAKI.CA,WWW.PIMAKI.CA
843007816RR0001,5,C,C170-1,GOERT GARRY OAK ECOSYSTEMS RECOVERY TEAM SOCIETY,GOERT Garry Oak Ecosystems Recovery Team Society,2009-04-01,1,2130 KINGS RD,VICTORIA,BC,V8R2P9,CA,(250)383-3427,info@goert.ca,https://www.goert.ca/
843312380RR0001,10,C,C170-1,Fondation environnement GIRAM,Fondation environnement GIRAM,2010-03-29,2,806 - 1490 BOUL DE L'ENTENTE,QUEBEC,QC,G1S4V3,CA,(581)986-8290,INFO@COMPAGNONSCB.ORG,WWW.COMPAGNONSCB.ORG
843460783RR0001,11,C,C170-1,Swan Lake Watershed District,Swan Lake Watershed District,2008-12-12,1,"559 4TH AVE NORTH, BOX 1858",SWAN RIVER,MB,R0L1Z0,CA,(204)734-9550,slwcd@mymts.net,
844076505RR0001,11,C,C170-1,HURONIA LAND CONSERVANCY,Huronia Land Conservancy,2011-11-16,1,PO BOX 11 STN MAIN,MIDLAND,ON,L4R4K6,CA,(705)322-3703,INFO@HURONIALANDCONSERVANCY.CA,WWW.HURONIALANDCONSERVANCY.CA
844716241RR0001,1,C,C170-2,THE BRITISH COLUMBIA CYCLING COALITION,The British Columbia Cycling Coalition,2023-03-17,1,2109 GRANDVIEW HWY N,VANCOUVER,BC,V5N1N6,CA,(778)871-9207,admin@bccycling.ca,www.bccc.bc.ca
845398775RR0001,10,C,C170-1,OKANAGAN SIMILKAMEEN STEWARDSHIP SOCIETY,Okanagan Similkameen Stewardship Society,2014-09-05,1,6 - 477 MARTIN ST,PENTICTON,BC,V2A5L2,CA,(250)770-1467,,www.osstewardship.ca
845414747RR0001,10,C,C170-1,PAUDASH LAKE CONSERVATION ASSOCIATION,PAUDASH LAKE CONSERVATION ASSOCIATION,2005-01-01,1,1135 UPPER PAUDASH LAKE RD,BANCROFT,ON,K0L1C0,CA,(416)447-3012,,
845590553RR0001,11,C,C170-1,YORK REGION ENVIRONMENTAL ALLIANCE,York Region Environmental Alliance,2008-07-28,1,85 DARIOLE DR,RICHMOND HILL,ON,L4E0Z4,CA,(905)660-9782,INFO@YREA.ORG,WWW.YREA.ORG
845638006RR0001,10,C,C170-1,WILDRESEARCH SOCIETY,WildResearch Society,2014-07-17,1,11 - 220 TENTH ST,NEW WESTMINSTER,BC,V3M3X9,CA,(778)772-0626,INFO@WILDRESEARCH.CA,WWW.WILDRESEARCH.CA
845759943RR0001,10,C,C170-1,LA CORPORATION D'AMENAGEMENT DE LA RIVIERE BLANCHE DE GATINEAU INC.,LA CORPORATION D'AMENAGEMENT DE LA RIVIERE BLANCHE DE GATINEAU INC.,2006-03-01,2,199 MONTEE DALTON,GATINEAU,QC,J8R0B3,CA,(819)410-0257,info@parcdalton.com,
845793991RR0001,10,C,C170-1,REFOREST LONDON,ReForest London,2007-06-09,1,PO BOX 25144,LONDON,ON,N6C6A9,CA,(519)936-9548,,WWW.REFORESTLONDON.CA
846181857RR0001,10,C,C170-1,PINE RIVER WATERSHED INITIATIVE NETWORK,Pine River Watershed Initiative Network,2009-06-03,1,PO BOX 367,RIPLEY,ON,N0G2R0,CA,(519)395-5538,PINERIVERWIN@YAHOO.CA,WWW.PINERIVERWATERSHED.CA
846302669RR0001,8,C,C170-1,The Winter River-Tracadie Bay Watershed Association Inc,Winter River-Tracadie Bay Watershed Association Inc.,2016-04-01,1,PO BOX 87,YORK,PE,C0A1P0,CA,,INFO@WINTERTRACADIE.CA,WINTERTRACADIE.CA
847051307RR0001,11,C,C170-1,SQUAMISH STREAMKEEPERS SOCIETY,Squamish Streamkeepers Society,2012-12-11,1,216 - 38225 3RD AVE,SQUAMISH,BC,V8B0S2,CA,(604)848-4972,JACKCOOLEY39@GMAIL.COM,WWW.SQUAMISHSTREAMKEEPERS.NET
847447414RR0001,10,C,C170-1,Ganaraska Hiking Trail Association Inc.,Ganaraska Hiking Trail Association Inc.,1970-04-01,1,PO BOX 693 STN MAIN,ORILLIA,ON,L3V6K7,CA,(905)885-2874,,GANARASKA-HIKING-TRAIL.ORG
847623055RR0001,5,C,C170-1,"DADS AGAINST DIRTY AIR, INC. (DADA)","Dads Against Dirty Air, Inc. (DADA)",2010-11-03,1,2181 VISTA DRIVE,BURLINGTON,ON,L7M3M3,CA,(905)338-3638,,WWW.DADACANADA.COM
847935798RR0001,10,C,C170-99,FRIENDS OF REDTAIL SOCIETY,Friends of Redtail Society,2010-02-24,1,70 ANGEL POINT ROAD,RIVER JOHN,NS,B0K1N0,CA,(902)351-2579,FRIENDSOFREDTAIL@GMAIL.COM,WWW.FRIENDSOFREDTAIL.CA
848004255RR0001,10,C,C170-1,NOVA SCOTIA FARMLAND TRUST SOCIETY,NOVA SCOTIA FARMLAND TRUST SOCIETY,2010-01-01,1,PO BOX 351 STN MAIN,KENTVILLE,NS,B4N3X1,CA,(902)690-2014,MATTHEW.ROSS@CA.GT.COM,
848592010RR0001,3,C,C170-1,OAKVILLEGREEN CONSERVATION ASSOCIATION INC.,Oakvillegreen Conservation Association Inc.,2021-03-10,1,240 SUNRISE CRES,OAKVILLE,ON,L6L3L3,CA,(289)813-1568,president@oakvillegreen.org,www.oakvillegreen.org
848804548RR0001,10,C,C170-1,RESCUE LAKE SIMCOE CHARITABLE FOUNDATION,RESCUE LAKE SIMCOE CHARITABLE FOUNDATION,2005-01-21,1,120 PRIMEAU DR,AURORA,ON,L4G6Z4,CA,(905)841-2829,JANIS.MACASKILL@SYMPATICO.CA,
848998068RR0001,8,C,C170-1,Fédération des Lacs de Val des Monts,Fédération des lacs de Val des Monts,2013-12-27,2,1 RTE DU CARREFOUR,VAL-DES-MONTS,QC,J8N4E9,CA,(819)457-4013,,www.federationdeslacs.ca
849325279RR0001,3,C,C170-1,ARCHAEOLOGICAL LAND TRUST OF NOVA SCOTIA SOCIETY,Archaeological Land Trust of Nova Scotia Society,2011-02-18,1,38 AARON AVENUE,SHAD BAY,NS,B3T2B5,CA,(902)850-2212,info@altns.ca,www.altns.ca
849479738RR0001,5,C,C170-1,ASSOCIATION FOR DENMAN ISLAND MARINE STEWARDS,Association for Denman Island Marine Stewards,2020-01-21,1,2621 NORTHWEST RD,DENMAN ISLAND,BC,V0R1T0,CA,,,
849688262RR0001,3,C,C170-1,WILDLIFEDIRECT CANADA,WildlifeDirect Canada,2010-05-10,1,12 - 233 SPEERS RD,OAKVILLE,ON,L6K0J5,CA,(416)433-2327,,
849804067RR0001,1,C,C170-99,NATURAL PATHWAYS LEARNING CENTRE,Natural Pathways Learning Centre,2023-07-07,1,281 KELLY ST,ESSEX,ON,N8M1V2,CA,(226)347-1492,kim@naturalpathways.ca,www.naturalpathways.ca
850142050RR0001,9,C,C170-1,THE DEEP RIVER ENVIRONMENTAL SUPPORT GROUP,The Deep River Environmental Support Group,2010-01-01,1,BOX 463 30 THOMAS ST,DEEP RIVER,ON,K0J1P0,CA,,,
850144312RR0001,8,C,C170-1,SOCIETY FOR ATMOSPHERE SOLUTIONS,SOCIETY FOR ATMOSPHERE SOLUTIONS,2011-01-01,1,PO BOX 396,SECHELT,BC,V0N3A0,CA,(604)865-1633,board@atmospheresolutions.ca,www.atmospheresolutions.ca
850271214RR0001,8,C,C170-1,CONSORTIUM EVOLUTION,Consortium Evolution,2009-03-13,2,100 - 310 AV VICTORIA,WESTMOUNT,QC,H3Z2M9,CA,(514)629-2209,INFO@FJDD.ORG,WWW.FJDD.ORG
850450008RR0001,11,C,C170-1,Conseil des bassins versants des Mille-Îles (COBAMIL),Conseil des bassins versants des Mille-Îles (COBAMIL)/Mille-Îles Watershed Council (COBAMIL),2011-08-29,2,"15, CH. DE LA GRANDE-COTE, PORTE 105",SAINT-EUSTACHE,QC,J7P5L3,CA,(450)818-8565,EDUFRENE@COBAMIL.CA,WWW.COBAMIL.CA
850625088RR0001,5,C,C170-1,CANADIAN PARKS AND WILDERNESS SOCIETY - BRITISH COLUMBIA,CANADIAN PARKS AND WILDERNESS SOCIETY - BRITISH COLUMBIA,2019-04-01,1,241 - 312 MAIN ST,VANCOUVER,BC,V6A2T2,CA,,,
850695487RR0001,9,C,C170-1,BURRARD INLET MARINE ENHANCEMENT SOCIETY,Burrard Inlet Marine Enhancement Society,2015-07-16,1,300 IOCO RD,PORT MOODY,BC,V3H2V7,CA,(604)492-2910,KEVIN_RYAN@TELUS.NET,MOSSOMCREEK.ORG
851270355RR0001,10,C,C170-1,ARBRES ET NATURE - QUÉBEC,Arbres et Nature-Québec,2008-06-20,2,9705 CH DE LA RIVIERE N,RIVIERE-ROUGE,QC,J0T1T0,CA,(514)983-3490,YRICHER1@YAHOO.CA,
851410589RR0001,11,A,C170-1,HABITAT CONSERVATION TRUST FOUNDATION,Habitat Conservation Trust Foundation,2008-04-01,1,102 - 2957 JUTLAND RD,VICTORIA,BC,V8T5J9,CA,(250)940-9782,KATELYNN.SCHRINER@HCTF.CA,WWW.HCTF.CA
851884015RR0001,11,C,C170-1,Fondation pour la sauvegarde des écosystèmes du territoire de la Haute-Yamaska,Fondation pour la sauvegarde des écosystèmes du territoire de la Haute-Yamaska,2009-04-21,2,397 RUE DUFFERIN,GRANBY,QC,J2G4Y3,CA,,,
851891812RR0001,10,C,C170-1,COMITÉ RÉGIONAL POUR LA PROTECTION DES FALAISES,Comité régional pour la protection des falaises,2009-06-05,2,C.P. 602,PRÉVOST,QC,J0R1T0,CA,(450)335-0506,INFO@PARCDESFALAISES.CA,WWW.PARCDESFALAISES.CA
852004233RR0001,10,C,C170-1,HALIBURTON HIGHLANDS LAND TRUST,HALIBURTON HIGHLANDS LAND TRUST,2005-03-23,1,PO BOX 1478,HALIBURTON,ON,K0M1S0,CA,(705)457-3700,INFO@HALIBURTONLANDTRUST.CA,WWW.HALIBURTONLANDTRUST.CA
852026988RR0001,10,C,C170-1,FRESH OUTLOOK FOUNDATION,Fresh Outlook Foundation,2010-07-02,1,1101 21 AVE,VERNON,BC,V1T1G4,CA,(250)300-8797,JO@FRESHOUTLOOKFOUNDATION.ORG,WWW.FRESHOUTLOOKFOUNDATION.ORG
852196047RR0001,3,C,C170-1,THETIS ISLAND NATURE CONSERVANCY SOCIETY,Thetis Island Nature Conservancy Society,2021-11-12,1,PO BOX13-3,THETIS ISLAND,BC,V0R2Y0,CA,(250)246-8176,info@thetisislandnatureconservancy.org,thetisislandnatureconservancy.org
852478189RR0001,10,C,C170-1,INTERNATIONAL CONSERVATION FUND OF CANADA INC.,International Conservation Fund of Canada Inc.,2007-05-07,1,P.O BOX 40,CHESTER,NS,B0J1J0,CA,(902)273-3456,LAMBERT@ICFCANADA.ORG,WWW.ICFCANADA.ORG
852542984RR0001,11,C,C170-1,FONDATION DU LAC HENEY,Fondation du lac Heney / Heney Lake Foundation,2008-10-01,1,"30, CH. GAUTHIER",LAC-SAINTE-MARIE,QC,J0X1Z0,CA,,,
853400026RR0001,10,C,C170-1,SOCIETY FOR THE PROTECTION OF KALAMALKA LAKE / SOCIÉTÉ POUR LA PROTECTION DU LAC KALAMALKA,SOCIETY FOR THE PROTECTION OF KALAMALKA LAKE / SOCIÉTÉ POUR LA PROTECTION DU LAC KALAMALKA,2010-06-10,1,11505 PRIMROSE DR,COLDSTREAM,BC,V1B2C3,CA,(250)308-1152,KEEPKALLAKEBLUE@GMAIL.COM,WWW.SPKL.CA
854255882RR0001,11,C,C170-1,WCS WILDLIFE CONSERVATION SOCIETY CANADA,WCS WILDLIFE CONSERVATION SOCIETY CANADA,2004-07-01,1,204 - 344 BLOOR ST W,TORONTO,ON,M5S3A7,CA,(416)850-9038,JRAY@WCS.ORG,WWW.WCSCANADA.ORG
854399011RR0001,10,C,C170-1,Conservation des Vallons de la Serpentine,Conservation des Vallons de la Serpentine,2008-01-01,2,465 CHEMIN BELLEVUE,BOLTON-EST,QC,J0E1G0,CA,(450)297-2004,FBRICAULT@SYMPATICO.CA,CONSERVATIONSERPENTINE.ORG
854475969RR0001,11,C,C170-1,CENTRE FOR LAND CONSERVATION CENTRE POUR LA CONSERVATION DES TERRES,CENTRE FOR LAND CONSERVATION / CENTRE POUR LA CONSERVATION DES TERRES,2007-04-01,1,500 - 1000 INNOVATION DR,KANATA,ON,K2K3E7,CA,(613)237-3300,INFO@CLTSTANDARDSPRACTICESREVISION.CA,WWW.CLTSTANDARDSPRACTICESREVISION.CA
854777067RR0001,10,C,C170-1,ALL ONE SKY FOUNDATION,ALL ONE SKY FOUNDATION,2009-10-26,1,276 THREE SISTERS DR,CANMORE,AB,T1W2M7,CA,(403)471-6247,HCORBETT@allonesky.ca,allonesky.ca
855196598RR0001,11,C,C170-1,ONE FOREST NETWORK SOCIETY,ONE FOREST NETWORK SOCIETY,2009-01-01,1,105A RUE PRINCIPALE,SAINT-MICHEL-DE-BELLECHASSE,QC,G0R3S0,CA,(416)850-9038,2C1FOREST@GMAIL.COM,WWW.2C1FOREST.ORG
855414785RR0001,10,C,C170-1,PIGEON LAKE WATERSHED ASSOCIATION,Pigeon Lake Watershed Association,2009-02-17,1,PO BOX 219,MULHURST BAY,AB,T0C2C0,CA,(780)453-1505,INFO@PLWA.CA,WWW.PLWA.CA
855507596RR0001,4,C,C170-99,BEDEQUE AND AREA ENVIRONMENTAL COMMITTEE LTD.,BEDEQUE AND AREA ENVIRONMENTAL COMMITTEE LTD.,2004-09-10,1,48 LEARD MILL ROAD,BEDEQUE,PE,C0B1C0,CA,(902)887-2309,,
855745220RR0001,5,C,C170-1,BURLINGTONGREEN ENVIRONMENTAL ASSOCIATION INC.,BurlingtonGreen Environmental Association Inc.,2019-01-01,1,PO BOX 91515 RPO ROSELAND,BURLINGTON,ON,L7R4L6,CA,,,www.burlingtongreen.org
855749081RR0001,10,C,C170-99,Société de Protection Foncière du Lac Montjoie,SOCIETE DE PROTECTION FONCIERE DU LAC MONTJOIE,2002-11-07,2,C.P. 228,SAINT DENIS DE BROMPTON,QC,J0B2P0,CA,(819)846-0091,MICHELPARENTEAU@VIDEOTRON.CA,
855991311RR0001,1,C,C170-1,FOOTPRINTS CONSERVATION SOCIETY,FOOTPRINTS CONSERVATION SOCIETY,2010-10-25,1,204-6350 204TH ST,LANGLEY,BC,V2Y2V1,CA,(604)949-1034,,
856266127RR0001,11,C,C170-1,MOOSE JAW RIVER WATERSHED STEWARDS INC.,MOOSE JAW RIVER WATERSHED STEWARDS INC.,2007-09-25,1,PO BOX 1177 STN MAIN,MOOSE JAW,SK,S6H4P9,CA,(306)691-3399,LAURIE.STEPHENS@MJRIVER.CA,
856336904RR0001,2,C,C170-99,Fondation Guy Chevrette,FONDATION GUY CHEVRETTE,2004-10-06,2,"1415, RUE FRANK-CARREL, BUREAU 275",QUÉBEC,QC,G1N4N7,CA,(418)527-0235,ANDREE.DELISLE@RESEAUZEC.COM,HTTPS://FONDATIONGUYSHOURETTE.ORG
856452156RR0001,10,C,C170-1,MANITOULIN STREAMS IMPROVEMENT ASSOCIATION,Manitoulin Streams Improvement Association,2011-01-19,1,25B SPRAGGE STREET,MANITOWANING,ON,P0P1N0,CA,(705)859-1653,STREAMS@AMTELECOM.NET,WWW.MANITOULINSTREAMS.COM
856598834RR0001,2,C,C170-1,FONDATION POUR L'AMENAGEMENT ET L'UTILISATION DE LA NATURE ET DE L'ENVIRONNEMENT DE L'ISLE-AUX-GRUES (F.A.U.N.E. DE L'I SLE-AUX-GRUES),FONDATION POUR L'AMENAGEMENT ET L'UTILISATION DE LA NATURE ET DE L'ENVIRONNEMENT DE L'ISLE-AUX-GRUES (F.A.U.N.E. DE L'ISLE-AUX-GRUES),2004-12-10,2,107 CHEMIN DE LA VOLIERE,ILSE-AUX-GRUES,QC,G0R1P0,CA,,,
857090328RR0001,11,C,C170-1,OROMOCTO WATERSHED ASSOCIATION INC.,Oromocto Watershed Association Inc.,2010-05-01,1,39 MORROW ROAD,FRENCH LAKE,NB,E2V4G9,CA,(506)461-4223,OROMOCTORIVERWATERSHED@GMAIL.COM,WWW.OROMOCTOWATERSHED.CA
857503221RR0001,7,C,C170-1,VALDES ISLAND CONSERVANCY,Valdes Island Conservancy,2018-07-31,1,2525-1075 GEORGIA STREET WEST,VANCOUVER,BC,V6E3C9,CA,,,
857994610RR0001,11,C,C170-1,MEDWAY RIVER SALMON ASSOCIATION,Medway River Salmon Association,2013-02-13,1,PO BOX 39,MILL VILLAGE,NS,B0J2H0,CA,,,
858063365RR0001,4,C,C170-1,WILD ELK FEDERATION INC.,WILD ELK FEDERATION INC.,2006-07-14,1,6727 20 AVE NW,EDMONTON,AB,T6K2H1,CA,(587)920-4414,INFO@WILDELKFEDERATION.CA,WWW.WILDELKFEDERATION.CA
858533151RR0001,10,C,C170-1,Niagara Land Trust Foundation,Niagara Land Trust Foundation,2009-03-26,1,"27-200 FITCH ST, SUITE 233",WELLAND,ON,L3C4V9,CA,(905)937-5405,INFO@NIAGARALANDTRUST.COM,WWW.NIAGARALANDTRUST.COM
858535941RR0001,11,C,C170-1,RIPARIAN MANAGEMENT SOCIETY,RIPARIAN MANAGEMENT SOCIETY,2011-11-21,1,"2ND FLOOR, AVAIL PLACE, 530 - 8TH STREET SOUTH",LETHBRIDGE,AB,T1J2J8,CA,(403)381-5538,,WWW.COWSANDFISH.ORG
858587926RR0001,11,C,C170-1,WIZARD LAKE WATERSHED AND LAKE STEWARDSHIP ASSOCIATION,WIZARD LAKE WATERSHED AND LAKE STEWARDSHIP ASSOCIATION,2006-06-19,1,"RR 4, SITE 2, BOX 50",CALMAR,AB,T0C0V0,CA,(780)389-3336,STEWARDSHIP@WIZARDLAKE.CA,WWW.WIZARDLAKE.CA
858836521RR0001,2,C,C170-99,BIKE VICTORIA SOCIETY,Bike Victoria Society,2022-12-21,1,1034 HILLSIDE AVE,VICTORIA,BC,V8T2A5,CA,(250)920-5775,info@capitalbike.ca,www.capitalbike.ca
859019366RR0001,9,C,C170-1,BRAS D'OR LAKE BIOSPHERE REGION ASSOCIATION,Bras D'Or Lake Biosphere Reserve Association,2015-09-22,1,PO BOX 5300 STN A,SYDNEY,NS,B1P6L2,CA,(902)322-5158,DON.CROSBY@GMAIL.COM,WWW.BLBRA.CA
859134306RR0001,3,C,C170-99,EOS Eco-Energy/ Éco-Énergie Inc.,EOS Eco-Energy/ Éco-Énergie Inc.,2021-04-01,1,43D MAIN ST,SACKVILLE,NB,E4L4A8,CA,(506)536-4487,eos@nb.aibn.com,www.eosecoenergy.com
859800021RR0001,10,C,C170-1,CASCADIA GREEN BUILDING 2008 SOCIETY,Cascadia Green Building 2008 Society,2011-01-01,1,2911 JOHNSON STREET,SUMMERLAND,BC,V0H1Z4,CA,(206)223-2028,ANDREA.KRISTOF@LIVING-FUTURE.ORG,WWW.LIVING-FUTURE.ORG
859807828RR0001,5,C,C170-1,PACIFIC WILD ALLIANCE,Pacific Wild Alliance,2019-04-01,1,1529 AMELIA ST,VICTORIA,BC,V8W2K1,CA,,karen@pacificwild.org,
860091461RR0001,6,C,C170-1,GREENING NIPISSING ECOLOGISATION NIPISSING,Greening Nipissing Ecologisation Nipissing,2009-01-01,1,141 WHITNEY AVE,NORTH BAY,ON,P1A1Y7,CA,(705)499-7842,GREENINGNIPISSING@GMAIL.COM,WWW.GREENINGNIPISSING.ORG
860249630RR0001,4,C,C170-1,SQUAMISH ENVIRONMENTAL CONSERVATION SOCIETY,Squamish Environmental Conservation Society,2020-11-17,1,PO BOX 706 STN MAIN,SQUAMISH,BC,V8B0A5,CA,,,
860546506RR0001,10,C,C170-1,ONTARIO HEADWATERS INSTITUTE,ONTARIO HEADWATERS INSTITUTE,2004-09-24,1,11 - 2675 BLOOR ST W,ETOBICOKE,ON,M8X1A4,CA,(416)231-9484,ANDREW@ONTARIOHEADWATERS.CA,WWW.ONTARIOHEADWATERS.CA
860786136RR0001,4,C,C170-1,FRIENDS OF COVEHEAD-BRACKLEY BAY LTD,Friends of Covehead-Brackley Bay Ltd.,2011-10-20,1,2784 BAYSHORE RD,YORK,PE,C0A1P0,CA,(902)672-2182,COVEHEADBRACKLEY@GMAIL.COM,WWW.FCBBWATERSHED.CA
860835503RR0001,3,C,C170-1,GRIMSBY CONSERVATION CLUB INC.,GRIMSBY CONSERVATION CLUB INC.,2004-04-30,1,37 OLD ORCHARD AVENUE,GRIMSBY,ON,L3M3H9,CA,(905)945-5328,,
861175529RR0001,2,C,C170-1,MT MATHESON CONSERVATION SOCIETY,MT MATHESON CONSERVATION SOCIETY,2000-07-24,1,5065 MT MATHESON ROAD,SOOKE,BC,V9Z1C4,CA,(250)642-0238,MMCS@SHAW.CA,
861248821RR0001,11,C,C170-1,CANADIAN WATER RESEARCH SOCIETY,CANADIAN WATER RESEARCH SOCIETY,2003-07-01,1,2497 MARINE DR,WEST VANCOUVER,BC,V7V1L3,CA,,RPAISLEY@EXCHANGE.UBC.CA,WWW.CWRS.CA
861443836RR0001,1,C,C170-99,OPEN FLAG PLANET EARTH INC.,OPEN FLAG PLANET EARTH INC.,2006-05-31,1,"475 THE WEST MALL, SUITE 709",TORONTO,ON,M9C4Z3,CA,(416)622-5699,OPENFLAG@HOTMAIL.COM,
861493583RR0001,10,C,C170-1,ASSOCIATION DE CONSERVATION DE LA NATURE DE STUKELY-SUD,ASSOCIATION DE CONSERVATION DE LA NATURE DE STUKELY-SUD,2006-03-24,2,"165, CHEMIN DE LA DILIGENCE",STUKELY-SUD,QC,J0E2J0,CA,(450)539-1309,RICHARDS@ABACOM.COM,
861876357RR0001,9,C,C170-1,THE LEWA WILDLIFE CONSERVANCY (CANADA),THE LEWA WILDLIFE CONSERVANCY (CANADA),2005-04-20,1,"4700 KEELE ST, YORK UNIV. DEPT OF PSYCHOLOGY",NORTH YORK,ON,M3J1P3,CA,(416)540-4606,LEWACANADA@SYMPATICO.CA,WWW.LEWA.ORG
861952927RR0001,11,C,C170-1,Comité zone d'intervention prioritaire (ZIP) des seigneuries,COMITE ZONE D'INTERVENTION PRIORITAIRE (ZIP) DES SEIGNEURIES,2000-05-02,2,"1095, RUE NOTRE-DAME, C.P. 353, SUCC. MAIN",ST-SULPICE,QC,J5W4L9,CA,,,
862128188RR0001,10,C,C170-1,COMMUNITIES IN BLOOM FOUNDATION / FONDATION COLLECTIVITES EN FLEURS,COMMUNITIES IN BLOOM FOUNDATION / FONDATION COLLECTIVITES EN FLEURS,2005-05-02,1,7856 FIFTH LINE,MILTON,ON,L9T2X8,CA,(514)694-8871,PRESIDENT@CIB-CEF.COM,WWW.COMMUNITIESINBLOOM.CA
862133618RR0001,10,C,C170-99,HYDE CREEK WATERSHED SOCIETY,HYDE CREEK WATERSHED SOCIETY,2002-05-13,1,3636 COAST MERIDIAN RD,PORT COQUITLAM,BC,V3B0E4,CA,(604)461-3474,,
862218385RR0001,1,C,C170-1,HAMMOND RIVER ANGLING ASSOCIATION INC.,Hammond River Angling Association Inc.,2023-01-11,1,10 PORTER RD,NAUWIGEWAUK,NB,E5N6X1,CA,(506)832-1230,info@hraa.ca,www.hraa.ca
862234374RR0001,10,C,C170-1,FRASER RIVERKEEPER SOCIETY,FRASER RIVERKEEPER SOCIETY,2008-10-01,1,1806 MARITIME MEWS,VANCOUVER,BC,V6H3X2,CA,(604)674-7444,INFO@FRASERRIVERKEEPER.CA,WWW.FRASERRIVERKEEPER.CA
862330529RR0001,11,C,C170-1,NATURESERVE CANADA,NATURESERVE CANADA,2006-04-01,1,"39 MCARTHUR AVE, LEVEL 1-1",OTTAWA,ON,K1L8L7,CA,,,
862407210RR0001,4,C,C170-99,WAINWRIGHT Buffalo National-Park-Interpretive-Centre-Foundation,WAINWRIGHT BUFFALO NATIONAL PARK INTERPRETIVE CENTRE FOUNDATION,2002-10-07,1,PO BOX 2981 STN MAIN,WAINWRIGHT,AB,T9W1S8,CA,(780)842-3609,INFO@BUFFALOADVENTURES.CA,WWW.BUFFALOPARKCENTRE.COM
862411634RR0001,10,C,C170-1,WESTERN SKY LAND TRUST SOCIETY,WESTERN SKY LAND TRUST SOCIETY,2005-01-10,1,"PO BOX 2100 STN M, MAIL CODE #64",CALGARY,AB,T2P2M5,CA,(403)268-4825,EMAGIDSON@WESTERNSKYLANDTRUST.CA,www.westernskylandtrust.ca
862446028RR0001,10,B,C170-1,SALT SPRING SANCTUARY SOCIETY,SALT SPRING SANCTUARY SOCIETY,2004-01-01,1,PO BOX 465 STN GANGES,SALT SPRING ISLAND,BC,V8K2W1,CA,(250)537-4658,DAN@SALTSPRINGSEEDS.COM,WWW.SEEDSANCTUARY.COM
862502432RR0001,11,C,C170-1,COLUMBIA BASIN ENVIRONMENTAL EDUCATION NETWORK,Columbia Basin Environmental Education Network,2012-04-19,1,PO BOX 46,INVERMERE,BC,V0A1K0,CA,(250)341-6141,INFO@CBEEN.ORG,WWW.CBEEN.ORG
862520426RR0001,10,C,C170-99,FRIENDS OF THE MARBLE RIVER,FRIENDS OF THE MARBLE RIVER,2003-01-13,1,"2293 BAYVIEW DRIVE, P. O. BOX 594",PORT MCNEILL,BC,V0N2R0,CA,,,
862622750RR0001,10,C,C170-99,Swim Drink Fish Canada,Swim Drink Fish Canada,2003-02-21,1,235 QUEENS QUAY W,TORONTO,ON,M5J2G8,CA,(416)861-1237,ADMIN@WATERKEEPER.CA,WWW.SWIMDRINKFISH.CA
862697059RR0001,11,C,C170-99,Ottawa Riverkeeper Inc. / Garde-rivière des Outaouais Inc.,Ottawa Riverkeeper Inc. / Garde-rivière des Outaouais Inc.,2003-10-15,1,"501 SIR GEORGE-ETIENNE CARTIER, PKY SUITE 300",OTTAWA,ON,K1M2K7,CA,(613)321-1120,KEEPER@OTTAWARIVERKEEPER.CA,WWW.OTTAWARIVERKEEPER.CA
862724275RR0001,10,C,C170-1,LAKE SUPERIOR WATERSHED CONSERVANCY,LAKE SUPERIOR WATERSHED CONSERVANCY,2004-06-07,1,285 WILSON ST .,SAULT ST MARIE,ON,P6B2K6,CA,(705)946-0044,INFO@SUPERIORCONSERVANCY.ORG,WWW.SUPERIORCONSERVANCY.ORG
862786373RR0001,10,C,C170-1,Renaissance Lac Brome / Renaissance Brome Lake,Renaissance Lac Brome / Renaissance Brome Lake,2014-05-07,2,"756, CHAMIN LAKESIDE, CASIER POSTAL 2001",LAC-BROME,QC,J0E1R0,CA,(450)242-2452,PIERRE.BEAUDOIN@PBACONSEIL.COM,WWW.RENAISSANCELBL.COM
863071668RR0001,10,C,C170-1,Algonquin to Adirondacks Collaborative (A2A) La Collective d'Algonquin à Adirondacks (A2A),Algonquin to Adirondacks Collaborative (A2A) La Collective d'Algonquin à Adirondacks (A2A),2007-05-30,1,"1 JESSIE STREET, PO BOX 88",LANSDOWNE,ON,K0E1L0,CA,(416)559-9550,MIKE.KEHOE@ROGERS.COM,WWW.A2ALINK.ORG
863346284RR0001,11,C,C170-1,REDBOINE WATERSHED DISTRICT,REDBOINE WATERSHED DISTRICT,2003-04-01,1,"109 BROADWAY STREET, P. O. BOX 220",HOLLAND,MB,R0G0X0,CA,(204)526-2578,MAIL@LASALLEREDBOINE.COM,WWW.LASALLEREDBOINE.COM
863555223RR0001,11,C,C170-1,Watersheds Canada,WATERSHEDS CANADA,2005-04-01,1,115 - 40 SUNSET BLVD,PERTH,ON,K7H2Y4,CA,(613)264-1244,KING@WATERSHEDS.CA,WWW.WATERSHEDS.CA
863727053RR0001,10,C,C170-1,FIVE BRIDGES WILDERNESS HERITAGE TRUST,Five Bridges Wilderness Heritage Trust,2006-07-14,1,264 WHYNACHTS POINT RD,TANTALLON,NS,B3Z2L1,CA,(902)826-2522,FBWHTB@GMAIL.COM,www.fivebridgestrust.ca
863786323RR0001,10,C,C170-1,GREATER NIPISSING STEWARDSHIP COUNCIL,GREATER NIPISSING STEWARDSHIP COUNCIL,2001-01-01,1,"PO BOX 1391, 101 WORTHINGTON ST E",NORTH BAY,ON,P1B8K5,CA,,INFOGREATERNIPISSING.CA,WWW.GREATERNIPISSING.CA
864565841RR0001,10,C,C170-1,BURNS BOG CONSERVATION FOUNDATION,BURNS BOG CONSERVATION FOUNDATION,2003-04-01,1,4-7953 120 ST,DELTA,BC,V4C6P6,CA,,,
864877501RR0001,10,C,C170-1,FRIENDS OF FRENCH CREEK CONSERVATION SOCIETY,FRIENDS OF FRENCH CREEK CONSERVATION SOCIETY,2004-05-17,1,P O BOX 331,QUALICUM BEACH,BC,V9K1S8,CA,(250)248-8809,NANCYEG@TELUS.NET,WWW.FFCCS.CA
864934617RR0001,11,C,C170-1,ENVIRONMENTAL EDUCATION ONTARIO INC,ENVIRONMENTAL EDUCATION ONTARIO INC.,2001-11-21,1,95 ROBERT ST,TORONTO,ON,M5S2K5,CA,(647)281-2135,MYERSPAULAT@GMAIL.COM,WWW.EEON.ORG
865001457RR0001,10,C,C170-1,PENINSULA STREAMS SOCIETY,PENINSULA STREAMS SOCIETY,2006-01-09,1,9860 W SAANICH RD,NORTH SAANICH,BC,V8L4B2,CA,(250)363-6596,PeninsulaStreams@gmail.com,peninsulastream.ca/
865650311RR0001,1,C,C170-1,CLEAN AIR CHAMPIONS,CLEAN AIR CHAMPIONS,2006-04-24,1,22 MILLFORD AVE,NEPEAN,ON,K2G1C2,CA,(613)795-8545,EMILY.GRAY.CA@GMAIL.COM,WWW.CLEANAIRCHAMPIONS.CA
865708564RR0001,3,C,C170-1,CRANBROOK COMMUNITY FOREST SOCIETY,Cranbrook Community Forest Society,2021-04-18,1,2525 29TH ST S,CRANBROOK,BC,V1C6Z3,CA,,cranbrookcommunityforest@gmail.com,www.cranbrookcommunityforest.com/
866147986RR0001,10,C,C170-1,LAKE CLEAR CONSERVANCY,LAKE CLEAR CONSERVANCY,2000-01-01,1,"43A BIRCH TREE TRAIL, RR #4",EGANVILLE,ON,K0J1T0,CA,(613)602-1698,roylizshultis@gmail.com,WWW.LAKECLEARCONSERVANCY.CA
866263031RR0001,5,C,C170-99,SOUTHERN INTERIOR WEED MANAGEMENT COMMITTEE,SOUTHERN INTERIOR WEED MANAGEMENT COMMITTEE,2001-04-01,1,76 - 7545 DALLAS DR,KAMLOOPS,BC,V2C6X9,CA,(250)314-4038,PMIEDEMA@TELUS.NET,WWW.SIWMC.CA
866559685RR0001,11,C,C170-1,PUSLINCH LAKE CONSERVATION ASSOCIATION,PUSLINCH LAKE CONSERVATION ASSOCIATION,2003-01-31,1,24 CLERGY LANE,PUSLINCH,ON,N0B2J0,CA,(519)574-3392,WOLFMAN@LWOLF.COM,MYPLCA.COM
866584311RR0001,11,C,C170-1,TREES FOR GUELPH,TREES FOR GUELPH,2003-06-11,1,38 CHELTONWOOD AVE,GUELPH,ON,N1E4E3,CA,(519)822-0153,JOHN.HOLMAN4@GMAIL.COM,WWW.TREESFORGUELPH.CA
866720618RR0001,11,C,C170-1,WEST VANCOUVER STREAMKEEPER SOCIETY,West Vancouver Streamkeeper Society,2011-04-18,1,PO BOX 91166,WEST VANCOUVER,BC,V7V3N6,CA,(604)926-4243,WESTVANCOUVERSTREAMKEEPERS@SHAW.CA,WESTVANCOUVERSTREAMKEEPERS.CA
867030132RR0001,11,C,C170-1,BRITISH COLUMBIA LAKE STEWARDSHIP SOCIETY,BRITISH COLUMBIA LAKE STEWARDSHIP SOCIETY,2000-05-15,1,"5505 JACOBSON ROAD, BOX : 110",BIG LAKE RANCH,BC,V0L1G0,CA,(604)474-2441,INFO@BCLSS.ORG,WWW.BCLSS.ORG
867181869RR0001,6,C,C170-1,BERTRAND CREEK ENHANCEMENT SOCIETY,BERTRAND CREEK ENHANCEMENT SOCIETY,1999-04-01,1,201 - 4839 221 ST,LANGLEY,BC,V3A2P1,CA,(604)546-0336,STEWARDSHIP@LEPS.BC.CA,WWW.BERTRANDCREEK.CA
867261299RR0001,11,C,C170-1,BOWEN ISLAND CONSERVANCY,BOWEN ISLAND CONSERVANCY,1997-08-26,1,P.O. BOX 301,BOWEN ISLAND,BC,V0N1G0,CA,(604)947-9007,OPLOWMAN@GMAIL.COM,BOWENISLANDCONSERVANCY.ORG
867373672RR0001,11,C,C170-1,KELSEY WATERSHED DISTRICT,KELSEY WATERSHED DISTRICT,1999-04-01,1,BOX 1860,THE PAS,MB,R9A1L6,CA,,,
867457475RR0001,10,C,C170-1,THAMES TALBOT LAND TRUST,THAMES TALBOT LAND TRUST,2000-03-28,1,"PO BOX 25054, 395 WELLINGTON ROAD",LONDON,ON,N6C6A8,CA,(519)858-3442,THAMESTALBOT@TTLT.CA,WWW.TTLT.CA
867679821RR0001,11,C,C170-1,WATERFRONT REGENERATION TRUST CORPORATION,WATERFRONT REGENERATION TRUST CORPORATION,1999-04-01,1,327 - 4195 DUNDAS ST W,ETOBICOKE,ON,M8X1Y4,CA,(416)943-8080,INFO@WRTRUST.COM,WWW.WATERFRONTTRUST.COM
867867822RR0001,10,C,C170-1,SENTIER URBAIN,SENTIER URBAIN,2002-04-01,2,"3.10,1710 RUE BEAUDRY",MONTREAL,QC,H2L3E7,CA,(514)521-9292,SENTIERURBAIN@VIDEOTRON.CA,
867992323RR0001,10,C,C170-1,GAM GROUPE D'ACCES A LA MONTMORENCY,GAM GROUPE D'ACCES A LA MONTMORENCY,2000-01-01,2,2 RUE DES BOULEAUX,SAINTE-BRIGITTE-DE-LAVAL,QC,G0A3K0,CA,(418)651-9675,INFO@LEGAM.QC.CA,WWW.LEGAM.QC.CA
868167198RR0001,10,C,C170-1,NATIVE ORCHID CONSERVATION INCORPORATED,NATIVE ORCHID CONSERVATION INCORPORATED,1998-01-01,1,"P.O. BOX 40057, LAGIMDDIERE PO",WINNIPEG,MB,R2C4P3,CA,(204)223-8209,NOCIPRESIDENT@GMAIL.COM,WWW.NATIVEORCHID.ORG
868247750RR0001,10,C,C170-1,Rocky Mountain Trench Natural Resources Society,ROCKY MOUNTAIN TRENCH NATURAL RESOURCES SOCIETY,1999-01-01,1,PO BOX 151,KIMBERLEY,BC,V1A2Y6,CA,(250)489-4049,DGMURPHY@TELUS.NET,WWW.TRENCHSOCIETY.COM
868365396RR0001,4,C,C170-1,FRIENDS OF SABLE ISLAND SOCIETY,Friends of Sable island Society,2020-04-01,1,"P.O. BOX 622, HALIFAX CRO",HALIFAX,NS,B3J2R7,CA,,info@sableislandfriends.ca,www.sableislandfriends.ca
868794363RR0001,11,C,C170-1,"FRIENDS OF CRESCENT BEACH, GREEN BAY AND AREA SOCIETY","FRIENDS OF CRESCENT BEACH, GREEN BAY AND AREA SOCIETY",1999-06-01,1,BOX 148,LAHAVE,NS,B0R1C0,CA,(902)543-2140,JMCHARG@EASTLINK.CA,WWW.CRESCENTBEACH.CA
868802273RR0001,10,C,C170-1,Corporation pour la mise en valeur du bois de L'Equerre,Corporation pour la mise en valeur du bois de l'Équerre,2008-07-21,2,49 RANG DE L'EQUERRE,LAVAL,QC,H7L6A3,CA,(450)624-9696,SECRETARIAT@BOISDELEQUERRE.ORG,WWW.BOISDELEQUERRE.ORG
868858564RR0001,10,C,C170-1,MARL-TINY-MATCHEDASH CONSERVATION ASSOCIATION,MARL-TINY-MATCHEDASH CONSERVATION ASSOCIATION,1997-11-01,1,P.O. BOX 171,WYEVALE,ON,L0L2T0,CA,(705)322-2200,,WWW.MTMCONSERVATION.ORG
869049429RR0001,6,C,C170-1,RENDEZ-VOUS A LA RIVIERE POUR L'AN 2000,RENDEZ-VOUS A LA RIVIERE POUR L'AN 2000,1999-04-01,2,500 - 11505 1RE AV,SAINT-GEORGES,QC,G5Y7X3,CA,,,
869337543RR0001,2,C,C170-1,BRAS D'OR LAKES INTERPRETIVE CENTRE SOCIETY,BRAS D'OR LAKES INTERPRETIVE CENTRE,2000-01-01,1,PO BOX 711,BADDECK,NS,B0E1B0,CA,(902)929-2443,BFOUNDATION@NS.SYMPATICO.CA,WWW.BRASDOR-CONSERVATION.COM
869412585RR0001,11,C,C170-1,RAINY LAKE CONSERVANCY,RAINY LAKE CONSERVANCY,2001-03-07,1,P O BOX 223,FORT FRANCES,ON,P9A3M6,CA,(807)275-7584,,
869770123RR0001,10,C,C170-1,ROCKY POINT BIRD OBSERVATORY SOCIETY,ROCKY POINT BIRD OBSERVATORY SOCIETY,2000-02-18,1,170 1581-H HILLSIDE AVE.,VICTORIA,BC,V8T2C1,CA,(250)652-3508,TREASURER@RPBO.ORG,WWW.RPBO.ORG
869778415RR0001,10,C,C170-1,VERMILION FORKS FIELD NATURALISTS' SOCIETY,VERMILION FORKS FIELD NATURALISTS' SOCIETY,2002-02-11,1,P.O. BOX 2074,PRINCETON,BC,V0X1W0,CA,(250)295-7154,VFFNBC@GMAIL.COM,VFFN.CA
869886408RR0001,11,C,C170-1,LA FONDATION LIGHT ON/LIGHT ON FOUNDATION,Fondation Teslamau / Teslamau Foundation,2004-01-13,2,108 - 1340 RUE DENISON,SAINT-ALPHONSE-DE-GRANBY,QC,J0E2A0,CA,(514)439-7929,,
870042777RR0001,11,C,C170-99,GRASSLANDS CONSERVATION COUNCIL OF BRITISH COLUMBIA,GRASSLANDS CONSERVATION COUNCIL OF BRITISH COLUMBIA,2001-12-21,1,PO BOX 3341 RPO TERMINAL MPP,KAMLOOPS,BC,V2C6B9,CA,(250)655-4103,SCOTT.BENTON@BCGRASSLANDS.ORG,WWW.BC
870168242RR0001,10,C,C170-1,VOLUNTARY FOREST CERTIFICATION CANADA,Voluntary Forest Certification Canada,2009-08-11,1,240 RICHMOND ST W,TORONTO,ON,M5V1V6,CA,(416)778-5568,INFO@CA.FSC.ORG,WWW.CA.FSC.ORG
870393378RR0001,11,C,C170-1,MURIEL LAKE BASIN MANAGEMENT SOCIETY,Muriel Lake Basin Management Society,2014-01-01,1,PO BOX 6003 STN MAIN,BONNYVILLE,AB,T9N2G7,CA,,,WWW.SAVEMURIELLAKE.COM
870633088RR0001,10,C,C170-99,LES VERTS BOISÉS DU FJORD,LES VERTS BOISÉS DU FJORD,1999-03-01,2,304-129 JACQUES-CARTIER EST,CHICOUTIMI,QC,G7H1Y4,CA,(418)973-4261,JULIEN.PETITCLERC@VIDEOTRON.CA,WWW.LVBF.ORG
870791084RR0001,2,C,C170-99,TRANSITION SALT SPRING SOCIETY,Transition Salt Spring Society,2022-02-23,1,PO BOX 768 STN GANGES,SALT SPRING ISLAND,BC,V8K2W3,CA,(250)931-7300,info@transitionsaltspring.com,transitionsaltspring.com/
871001335RR0001,6,C,C170-1,GEORGIAN BAY MNIDOO GAMII BIOSPHERE,GEORGIAN BAY MNIDOO GAMII BIOSPHERE,2018-04-01,1,PO BOX 662 STN MAIN,PARRY SOUND,ON,P2A2Z1,CA,,,
871028387RR0001,10,C,C170-99,GEORGIA BASIN ECOLOGICAL ASSESSMENT AND RESTORATION SOCIETY,GEORGIA BASIN ECOLOGICAL ASSESSMENT AND RESTORATION SOCIETY,2005-05-10,1,"PO BOX 41012, RPO WOODGROVE",NANAIMO,BC,V9T6M7,CA,(250)758-2922,GBEARS@ISLAND.NET,WWW.GEORGIABASIN.CA
871369245RR0001,11,C,C170-1,NILE CREEK ENHANCEMENT SOCIETY,NILE CREEK ENHANCEMENT SOCIETY,1997-04-01,1,PO BOX 116,BOWSER,BC,V0R1G0,CA,(250)757-8775,NILE.CREEK@SHAW.CA,WWW.NILECREEK.ORG
871440103RR0001,4,C,C170-1,Les amis du Parc provincial Saint-Malo inc. / The Friends ofSt. Malo Provincial Park Inc.,LES AMIS DU PARC PROVINCIAL SAINT-MALO INC./THE FRIENDS OF ST-MALO PROVINCIAL PARK INC.,2007-03-01,1,CP 456,ST-MALO,MB,R0A1T0,CA,(204)990-9998,FRIENDSOFSTMALOPARK@GMAIL.COM,FRIENDSOFSTMALOPARK.COM
871738472RR0001,5,C,C170-1,TROUT RIVER ENVIRONMENTAL COMMITTEE INCORPORATED,Trout River Environmental Committee Incorporated,2019-04-01,1,PO BOX 34,HUNTER RIVER,PE,C0A1N0,CA,,troutriverec@gmail.com,
871818647RR0001,10,C,C170-1,SOCIETE DE CONSERVATION DES ILES-DE-LA-MADELEINE,Societe de conservation des Iles-de-la-Madeleine,1998-01-01,2,CP 5137 SUCC PRINCIPAL,L'ETANG-DU-NORD,QC,G4T3Z8,CA,(418)986-6644,SOCIETEDECONSERVATIONDESILES@YAHOO.CA,
872138938RR0001,11,C,C170-1,LAKE HURON COASTAL CENTRE,LAKE HURON CENTRE FOR COASTAL CONSERVATION,1999-01-01,1,"PO BOX 477 STATION MAIN, 35 EAST STREET",GODERICH,ON,N7A4C7,CA,(226)421-3029,COASTALCENTRE@LAKEHURON.CA,WWW.LAKEHURON.CA
872463807RR0001,10,C,C170-99,TORONTO ORNITHOLOGICAL CLUB,TORONTO ORNITHOLOGICAL CLUB,2004-07-08,1,"ROYAL ONTARIO MUSEUM, 100 QUEEN'S PARK CRES.",TORONTO,ON,M5S2C6,CA,(416)239-5615,TREASURER@TORONTOBIRDING.CA,WWW.TORONTOBIRDING.CA
872472568RR0001,11,C,C170-1,Canadian Biosphere Regions Association,CANADIAN BIOSPHERE RESERVES ASSOCIATION/L'ASSOCIATION CANADIENNE DES RESERVES DE LA BIOSPHERE,1999-04-12,1,PO BOX 662 STN MAIN,PARRY SOUND,ON,P2A2Z1,CA,(450)467-4010,ERIC@CENTRENATURE.QC.CA,WWW.BIOSPHERECANADA.CA
872811807RR0001,11,C,C170-1,WESTERN ENVIRONMENT CENTRE INC.,WESTERN ENVIRONMENT CENTRE INC.,2006-04-01,1,103 - 50 MAIN ST,CORNER BROOK,NL,A2H1C4,CA,(709)640-1734,INFO@WECNL.CA,WWW.WECNL.CA
872885066RR0001,10,C,C170-1,SUSTAINABLE CALGARY SOCIETY,SUSTAINABLE CALGARY SOCIETY,1999-01-01,1,201-1225A KENSINGTON RD NW,CALGARY,AB,T2N3P8,CA,(403)270-0777,INFO@SUSTAINABLECALGARY.ORG,SUSTAINABLECALGARY.ORG
872988381RR0001,10,C,C170-1,FRIENDS OF FOLEY MOUNTAIN,FRIENDS OF FOLEY MOUNTAIN,2000-01-01,1,PO BOX 5,WESTPORT,ON,K0G1X0,CA,(613)273-2398,,WWW.RVCA.CA
873499966RR0001,2,C,C170-1,Accès Fleuve / Comité Zone d'Intervention Prioritaire (ZIP) Ville-Marie,Accès Fleuve / Comité Zone d'Intervention Prioritaire (ZIP) Ville-Marie,2013-12-13,2,2 - 3626 RUE DROLET,MONTREAL,QC,H2X3H6,CA,,,
873629224RR0001,1,C,C170-99,CHILLIWACK RIVER ACTION COMMITTEE,CHILLIWACK RIVER ACTION COMMITTEE,2002-04-03,1,48665 CHILLIWACK LAKE ROAD,CHILLIWACK,BC,V4Z1A6,CA,(604)858-3257,DFLAMSON@SHAW.CA,INFO@FISHINGWITHROD.COM/CRAC
873652861RR0001,11,C,C170-1,SQUAMISH RIVER WATERSHED SOCIETY,Squamish River Watershed Society,2011-09-21,1,PO BOX 1791,SQUAMISH,BC,V8B0B3,CA,(604)898-9171,TOBE@SHAW.CA,WWW.SQUAMISHWATERSHED.COM
873847966RR0001,11,C,C170-1,BURKE MOUNTAIN NATURALISTS (B.M.N.) SOCIETY,BURKE MOUNTAIN NATURALISTS (B.M.N.) SOCIETY,1997-07-30,1,PO BOX 52540 RPO COQUITLAM,COQUITLAM,BC,V3B7J4,CA,(604)937-3483,,WWW.BMN.BC.CA
874002074RR0001,4,C,C170-1,ASSOCIATION DE PROTECTION DE L'ENVIRONNEMENT DU LAC ROCHER,Association de protection de l'environnement du Lac Rocher,2020-10-05,2,30 RUE LAMARCHE,SAINTE-MELANIE,QC,J0K3A0,CA,(438)889-3969,apelrocher@outlook.com,
874050404RR0001,11,C,C170-1,GROUPE DU BASSIN VERSANT DE LA REGION DE CAP-PELE INC.,Groupe du bassin versant de la région de Cap-Pelé Inc.,2013-07-09,2,2647 CH ACADIE,CAP-PELE,NB,E4N1C2,CA,(506)577-2071,INFO@VISIONH2O.COM,WWW.VISIONH2O.COM
874954225RR0001,10,C,C170-1,MEDUXNEKEAG RIVER ASSOCIATION INC.,MEDUXNEKEAG RIVER ASSOCIATION INC.,2002-04-17,1,733 MAIN ST UNIT 1,WOODSTOCK,NB,E7M2E6,CA,(506)325-1100,,
874960925RR0001,10,C,C170-1,MISSION ENVIRONMENTAL STEWARDSHIP SOCIETY,Mission Environmental Stewardship Society,2002-07-05,1,PO BOX 20115 RPO HILLS,MISSION,BC,V2V7P8,CA,(778)548-5633,info@messociety.ca,www.messociety.ca
875209793RR0001,11,C,C170-1,SOUTHEAST ENVIRONMENTAL ASSOCIATION LIMITED,SOUTHEAST ENVIRONMENTAL ASSOCIATION LIMITED,2003-03-21,1,"41 WOOD ISLANDS HILL ACCESS, P.O. BOX 1500",MONTAGUE,PE,C0A1R0,CA,(902)838-3351,,
875404063RR0001,11,C,C170-1,CONSERVATION DE LA NATURE - QUEBEC,CONSERVATION DE LA NATURE - QUEBEC,2005-09-14,2,"55 AVENUE DU MONT-ROYAL OUEST, BUREAU 1000",MONTREAL,QC,H2T2S6,CA,(514)876-1606,,
875489114RR0001,11,C,C170-1,SEINE RAT ROSEAU WATERSHED DISTRICT,SEINE RAT ROSEAU WATERSHED DISTRICT,2005-11-30,1,154 FRIESEN AVE,STEINBACH,MB,R5G0T5,CA,(204)424-5845,finance@srrcd.ca,WWW.SRRCD.CA
875738221RR0001,10,B,C170-1,Centre d'intendance Écologique Latreille (CIEL),CENTRE D'INTENDANCE ECOLOGIQUE LATREILLE (CIEL),1999-01-01,2,4985 MONTEE QUESNEL,ST-ANICET,QC,J0S1M0,CA,(450)264-5860,ciel@ciel-eco.com,WWW.CIEL-ECO.ORG
876633074RR0001,11,C,C170-1,MINNOW LAKE RESTORATION GROUP INC,MINNOW LAKE RESTORATION GROUP INC,1998-01-01,1,1439 BANCROFT DRIVE,SUDBURY,ON,P3B1R6,CA,(705)560-6087,CAN.MINNOWLAKE@GMAIL.COM,WWW.MINNOWLAKE.CA
877193821RR0001,10,C,C170-1,ECOLOGOS ENVIRONMENTAL ORGANIZATION,ECOLOGOS ENVIRONMENTAL ORGANIZATION,2000-06-29,1,"3003 DANFORTH AVENUE, PO BOX 93648",TORONTO,ON,M4C1M9,CA,(647)347-1004,INFO@UNIVERSARIUM.NET,
877252098RR0001,10,C,C170-1,CALGARY CHAPTER PHEASANTS FOREVER CANADA SOCIETY,CALGARY CHAPTER PHEASANTS FOREVER CANADA SOCIETY,2005-06-30,1,BOX 5021 STATION A,CALGARY,AB,T2H1X1,CA,(403)995-9960,PERRYMCCORMICK@SHAW.CA,WWW.PFCALGARY.CA
877272690RR0001,11,C,C170-1,ALBERTA LAKE MANAGEMENT SOCIETY,ALBERTA LAKE MANAGEMENT SOCIETY,2001-04-01,1,PO BOX 4283 STN SOUTH,EDMONTON,AB,T6E4T3,CA,(780)702-2567,INFO@ALMS.CA,WWW.ALMS.CA
877734418RR0001,7,C,C170-1,Organisme de Bassin Versant de la Yamaska,Organisme de Bassin Versant de la Yamaska,2018-01-01,2,201-160 RUE COWIE,GRANBY,QC,J2G3V3,CA,,,
877861161RR0001,11,C,C170-1,CROOKED CREEK CONSERVANCY SOCIETY OF ATHABASCA,CROOKED CREEK CONSERVANCY SOCIETY OF ATHABASCA,1998-05-01,1,BOX 2072,ATHABASCA,AB,T9S2B6,CA,(780)675-9197,RENEAVES@TELUS.NET,CROOKEDCREEKCONSERVANCY.WORDPRESS.COM
878049360RR0001,10,C,C170-1,CENTRAL LAKE ONTARIO CONSERVATION FUND,CENTRAL LAKE ONTARIO CONSERVATION FUND,1997-05-06,1,100 WHITING AVENUE,OSHAWA,ON,L1H3T3,CA,,RCATULLI@CLOCA.COM,
878052158RR0001,10,C,C170-1,ALEX WILSON COMMUNITY GARDEN CORPORATION,ALEX WILSON COMMUNITY GARDEN CORPORATION,1998-01-01,1,319 - 192 SPADINA AVE,TORONTO,ON,M5T2C2,CA,(416)364-7405,INFO@ALEXWILSONGARDEN.CA,ALEXWILSONGARDEN.CA
878183029RR0001,10,C,C170-1,QUINTE CONSERVATION ASSOCIATION,QUINTE CONSERVATION ASSOCIATION,2000-01-01,1,2061 OLD HWY 2,BELLEVILLE,ON,K8N4Z2,CA,(613)968-3434,TSMITH@QUINTECONSERVATION.CA,WWW.QUINTECONSERVATION.CA
878511369RR0001,11,C,C170-1,REGINA HORTICULTURAL SOCIETY INC,REGINA HORTICULTURAL SOCIETY INC.,1999-03-01,1,5847 KIEV BAY,REGINA,SK,S4X4C5,CA,(306)585-1649,REGINAHORTSOCIETY@GMAIL.COM,WWW.REGINAHORTSOCIETY.CA
878591007RR0001,10,C,C170-1,MISSISSIPPI MADAWASKA LAND TRUST,Mississippi Madawaska Land Trust,2004-01-01,1,10970 HIGHWAY 7,CARLETON PLACE,ON,K7C3P1,CA,(613)253-2722,ADMIN@MMLT.CA,MMLT.CA
878822501RR0001,7,C,C170-1,SOCIETE DE CONSERVATION DU CORRIDOR NATUREL DE LA RIVIERE AU SAUMON (S.C.C.N.R.S.),SOCIETE DE CONSERVATION DU CORRIDOR NATUREL DE LA RIVIERE AU SAUMON (S.C.C.N.R.S.),2017-08-30,2,116 MONTEE DU HAVRE,ORFORD,QC,J1X0C3,CA,(819)563-2487,,WWW.SCCNRS.CA
879086718RR0001,10,C,C170-1,KAWARTHA LAND TRUST,Kawartha Land Trust,2002-01-01,1,P.O. BOX 2338,PETERBOROUGH,ON,K9J7Y8,CA,(705)743-5599,INFO@KAWARTHATLANDTRUST.ORG,WWW.KAWARTHALANDTRUST.ORG
879127405RR0001,10,C,C170-1,LAKE VERNON ENVIRONMENTAL ASSOCIATION,LAKE VERNON ENVIRONMENTAL ASSOCIATION,2003-08-11,1,47 TIPPER LANE,HUNTSVILLE,ON,P1H2J2,CA,(705)349-0522,SONDRA.V@ME.COM,
879416378RR0001,10,C,C170-1,RIDING MOUNTAIN BIOSPHERE RESERVE INC,Riding Mountain Biosphere Reserve Inc.,2013-08-21,1,BOX 232,ONANOLE,MB,R0J1N0,CA,(204)636-2085,RMBR@MYMTS.NET,WWW.RMBR.CA
879983161RR0001,2,C,C170-2,"VIVRE EN VILLE; LE REGROUPEMENT POUR LE DEVELOPPEMENT URBAIN, RURAL ET VILLAGEOIS VIABLE","Vivre En Ville; le regroupement pour le développement urbain, rural et villageois viable",2022-09-14,2,311 - 870 AV DE SALABERRY,QUEBEC,QC,G1R2T9,CA,,,
881212419RR0001,10,C,C170-1,CROWSNEST CONSERVATION SOCIETY,Crowsnest Conservation Society,2009-07-06,1,P.O. BOX 242,BLAIRMORE,AB,T0K0E0,CA,(403)753-2040,OFFICE@CROWSNESTCONSERVATION.CA,WWW.CROWSNESTCONSERVATION.CA
881547491RR0001,11,C,C170-1,THE WEASELHEAD/GLENMORE PARK PRESERVATION SOCIETY,THE WEASELHEAD/GLENMORE PARK PRESERVATION SOCIETY,2005-07-01,1,PO BOX 36032 RPO LAKEVIEW,CALGARY,AB,T3E7C6,CA,(403)200-7738,WEASEL@THEWEASELHEAD.COM,WWW.THEWEASELHEAD.COM
882212186RR0001,10,C,C170-1,Société de conservation des milieux humides du Québec,SOCIETE DE CONSERVATION DES MILIEUX HUMIDES DU QUEBEC,1998-04-01,2,2174 18E RUE,QUEBEC,QC,G1J2A7,CA,(418)529-5558,SCMHQ@SCMHQ.CA,WWW.SCMHQ.CA
882556426RR0001,11,C,C170-1,THE SALMO WATERSHED STREAMKEEPERS SOCIETY,THE SALMO WATERSHED STREAMKEEPERS SOCIETY,1998-04-08,1,BOX 718,SALMO,BC,V0G1Z0,CA,(250)357-2630,ADMIN@STREAMKEEPERS.BC.CA,WWW.STREAMKEEPERS.BC.CA
882577521RR0001,11,C,C170-1,WEST ELGIN NATURE TRUST,WEST ELGIN NATURE TRUST,2000-07-01,1,PO BOX 532,RODNEY,ON,N0L2C0,CA,(519)785-0176,WILMAR@AMTELECOM.NET,
882873318RR0001,11,C,C170-99,GRAND FORKS COMMUNITY TRAILS SOCIETY,GRAND FORKS COMMUNITY TRAILS SOCIETY,2002-04-01,1,PO BOX 2921,GRAND FORKS,BC,V0H1H0,CA,(250)442-2620,CHRIS.MOSLIN@GMAIL.COM,WWW.GFTRAILS.CA
883407207RR0001,11,C,C170-99,PENINSULA LAKE ASSOCIATION,PENINSULA LAKE ASSOCIATION,2004-07-08,1,1155 MAPLEHURST DR.,HUNTSVILLE,ON,P1H2J6,CA,(705)635-9802,,WWW.PENLAKE.CA
883559361RR0001,1,C,C170-1,ROCKY MOUNTAIN NATURALISTS CLUB,Rocky Mountain Naturalists Club,2023-03-04,1,PO BOX 791 STN MAIN,CRANBROOK,BC,V1C4J5,CA,,rmnmembership@gmail.com,www.rockymountainnaturalists.org
883675902RR0001,8,C,C170-1,"Organisme de bassins versants de Kamouraska, L'Islet et Rivière-du-Loup","Organisme de bassins versants de Kamouraska, L'Islet et Rivière-du-Loup",2017-11-07,2,555 RUE HUDON,SAINT-PASCAL,QC,G0L3Y0,CA,,,
883704611RR0001,10,C,C170-99,TROUT HOLLOW TRAILS ASSOC,BIGHEAD RIVER HERITAGE ASSOCIATION,2002-01-01,1,2 MIDDLE AVE,MEAFORD,ON,N4L1A8,CA,(519)538-5414,ADMIN@BIGHEADRIVER.ORG,WWW.BIGHEADRIVER.ORG
884111675RR0001,11,C,C170-1,YUKON FISH AND WILDLIFE ENHANCEMENT TRUST,YUKON FISH AND WILDLIFE ENHANCEMENT TRUST,1998-04-01,1,BOX 31022,WHITEHORSE,YT,Y1A5P7,CA,(867)335-9422,YFAWET@GMAIL.COM,WWW.YFWET.CA
884295817RR0001,11,C,C170-1,SHEDIAC BAY WATER SHED ASSOCIATION INC./L'ASSOCIATION DU BASSIN VERSANT DE LA BAIE DE SHEDIAC INC.,SHEDIAC BAY WATERSHED ASSOCIATION INC. / L'ASSOCIATION DU BASSIN VERSANT DE LA BAIE DE SHEDIAC INC.,2003-10-15,1,612 D MAIN ST,SHEDIAC,NB,E4P2H3,CA,(506)533-8880,SBWA@NBNET.NB.CA,WWW.SHEDIACBAYWATERSHED.COM
884545112RR0001,10,C,C170-99,BRUCE PENINSULA BIRD OBSERVATORY,BRUCE PENINSULA BIRD OBSERVATORY,2001-04-01,1,PO BOX 273,LION'S HEAD,ON,N0H2M0,CA,(519)470-1918,MARYHOUSTON@ROGERS.COM,WWW.BPBO.CA
885165027RR0001,11,C,C170-1,MID-VANCOUVER ISLAND HABITAT ENHANCEMENT SOCIETY,MID-VANCOUVER ISLAND HABITAT ENHANCEMENT SOCIETY,2003-05-01,1,P.O BOX 935,PARKSVILLE,BC,V9P2G9,CA,(250)752-9297,FCSMITH@TELUS.NET,WWW.MVIHES.BC.CA
885949933RR0001,11,C,C170-1,Environnement Nature Boucherville,ENVIRONNEMENT NATURE BOUCHERVILLE,2007-04-02,2,"490, CHEMIN DU LAC",BOUCHERVILLE,QC,J4B6X3,CA,(450)655-4942,INFO@ENB-INFO.ORG,WWW.INFO@ENB-INFO.ORG
886260611RR0001,10,C,C170-1,CHRISTINA LAKE STEWARDSHIP SOCIETY,CHRISTINA LAKE STEWARDSHIP SOCIETY,2001-01-02,1,BOX 373,CHRISTINA LAKE,BC,V0H1E0,CA,(250)447-2504,CLSS@SHAW.CA,LAKESTEWARD.CA
886276831RR0001,10,C,C170-1,WESTSHORE WATERSHED SOCIETY,Westshore Watershed Society,1997-04-01,1,1035 LOCH GLEN PL,VICTORIA,BC,V9B4N9,CA,(250)478-2652,ANELMS@TELUS.NET,MEMBERS.SHAW.CAWABBIT
886289438RR0001,11,C,C170-1,FRASER BASIN COUNCIL SOCIETY,FRASER BASIN COUNCIL SOCIETY,1998-12-24,1,470 GRANVILLE ST  1ST FLOOR,VANCOUVER,BC,V6C1V5,CA,(604)488-5350,,WWWW.FRASERBASIN.BC.CA
886495894RR0001,3,C,C170-1,ACTION COMMUNITERRE,ACTION COMMUNITERRE,1999-01-01,2,305 - 2247 AVENUE DE HAMPTON,MONTREAL,QC,H4A2K5,CA,(514)484-0223,INFO@ACTIONCOMMUNITERRE.QC.CA,WWW.ACTIONCOMMUNITERRE.QC.CA
886699636RR0001,11,C,C170-1,GREEN DURHAM ASSOCIATION INC.,GREEN DURHAM ASSOCIATION INC.,1998-08-14,1,1 - 3322 DURHAM RD 5,PICKERING,ON,L1Y0A5,CA,(905)649-1234,ADAM.CONYERS1@GMAIL.COM,WWW.GREENDURHAM.CA
886753615RR0001,11,C,C170-99,MILNER GARDENS AND WOODLAND SOCIETY,MILNER GARDENS AND WOODLAND SOCIETY,2001-04-01,1,2179 WEST ISLAND HWY,QUALICUM BEACH,BC,V9K1G1,CA,(250)752-8573,MILNERGARDENS@SHAW.CA,WWW.MILNERGARDENS.ORG
886765031RR0001,10,C,C170-1,SALMON RIVER ENHANCEMENT SOCIETY,SALMON RIVER ENHANCEMENT SOCIETY,1997-01-01,1,8193 231 ST,LANGLEY,BC,V1M0C4,CA,(604)836-1914,mmobrien@telus.net,WWW.SALMONRIVER.ORG
887119345RR0001,10,C,C170-1,THE BRANCHTON VILLAGE LAND TRUST INC.,THE BRANCHTON VILLAGE LAND TRUST INC.,1997-01-01,1,27 JENKINGS CRT.,BRANCHTON,ON,N0B1L0,CA,(519)624-0066,,
887174514RR0001,7,B,C170-99,THE SCOTIA CREEK FOUNDATION,THE SCOTIA CREEK FOUNDATION,2002-01-01,1,7121 NANCY GREENE DR,WHISTLER,BC,V8E0E7,CA,,,
887256030RR0001,3,C,C170-1,ALGONQUIN ECO WATCH GROUP,ALGONQUIN ECO WATCH GROUP,1997-03-11,1,"P.O. BOX 3, SITE 1, R.R. #1",SPRING BAY,ON,P0P2B0,CA,(705)377-5072,WILTON@AMTELECOM.NET,WWW.ALGONQUIN-ECO-WATCH.COM
887313237RR0001,10,C,C170-1,RSBC RIVERSHED SOCIETY OF BRITISH COLUMBIA,RSBC Rivershed Society Of British Columbia,1998-03-25,1,PO BOX 2062,LAKE COWICHAN,BC,V0R2G0,CA,(604)808-1515,info@rivershed.com,WWW.RIVERSHED.COM
887696136RR0001,3,C,C170-1,LA CORPORATION DU PETIT ET DU GRAND LAC DES CEDRES INC.,La corporation du petit et du grand lac des cèdres inc.,2021-12-23,2,"63 CH DU PETIT-LAC-DES-CEDRES, N",MESSINES,QC,J0X2J0,CA,,Lacsdescedres@gmail.com,www.aplcedres.ca/fr/
887750545RR0001,2,C,C170-1,ALBERTA RURAL SUSTAINABLE ALTERNATIVES NETWORK,ALBERTA RURAL SUSTAINABLE ALTERNATIVES NETWORK,1998-01-01,1,PO BOX 176,MUNDARE,AB,T0B3H0,CA,(780)764-2343,SLAV@ARSAN.CA,WWW.ARSAN.CA
887877819RR0001,10,C,C170-99,TALLGRASS ONTARIO,TALLGRASS ONTARIO,2002-01-01,1,306 - 47 COLBORNE ST,TORONTO,ON,M5E1P8,CA,(519)674-9980,INFO@TALLGRASS.ORG,WWW.TALLGRASSONTARIO.ORG
888019296RR0001,10,C,C170-1,MACKENZIE NATURE OBSERVATORY,MACKENZIE NATURE OBSERVATORY,1997-02-21,1,P.O. BOX 1598,MACKENZIE,BC,V0J2C0,CA,(250)997-6876,JLAMBIE@TELUS.NET,MACKENZIENATUREOBSERVATORY.CA
888055423RR0001,11,C,C170-1,BOAT BASIN FOUNDATION,BOAT BASIN FOUNDATION,1998-07-30,1,208 - 700 CHILCO ST,VANCOUVER,BC,V6G2R1,CA,(604)222-1004,BOATBASINFOUNDATION@GMAIL.COM,WWW.BOATBASIN.ORG
888123007RR0001,10,C,C170-1,FRIENDS OF THE PETAWAWA RESEARCH FOREST,FRIENDS OF THE PETAWAWA RESEARCH FOREST,2005-01-01,1,"1000 CLOUTHIER ROAD, R.R.#1, P. O. BOX 2000",CHALK RIVER,ON,K0J1J0,CA,(613)732-8402,RCUNNING@BELL.NET,www.friendsofprf.ca
888538642RR0001,10,C,C170-1,SPENCERVILLE MILL FOUNDATION,SPENCERVILLE MILL FOUNDATION,1984-01-01,1,BOX 215,SPENCERVILLE,ON,K0E1X0,CA,(613)345-1730,CMTHAIN@GMAIL.COM,SPENCERVILLEMILL.CA
888590007RR0001,10,C,C170-1,ST. MARGARET'S BAY STEWARDSHIP ASSOCIATION,ST. MARGARET'S BAY STEWARDSHIP ASSOCIATION,2005-09-22,1,1 - 5229 ST MARGARETS BAY RD,UPPER TANTALLON,NS,B3Z4R5,CA,(902)826-2837,SMBSTWARDSHIP@GMAIL.COM,WWW.HEARTOFTHEBAY.CA
888741220RR0001,11,C,C170-1,SEACHANGE MARINE CONSERVATION SOCIETY,SEACHANGE MARINE CONSERVATION SOCIETY,1999-12-14,1,10318 TSAYKUM RD,NORTH SAANICH,BC,V8L0A2,CA,(250)652-1662,SEACHANGE@SHAW.CA,WWW.SEACHANGESOCIETY.COM
888768413RR0001,8,C,C170-1,GREENEST CITY ENVIROMENTAL ORGANIZATION,GREENEST CITY ENVIRONMENTAL ORGANIZATION,2003-05-27,1,220 COWAN AVENUE,TORONTO,ON,M6K2N6,CA,(647)438-0038,ADMIN@GREENESTCITY.CA,WWW.GREENESTCITY.CA
888781028RR0001,11,C,C170-99,FRIENDS OF THE ROUGE WATERSHED INC.,FRIENDS OF THE ROUGE WATERSHED INC.,2001-04-01,1,2259 MEADOWVALE ROAD,SCARBOROUGH,ON,M1X1R2,CA,(416)208-0252,JIMROBB@FRW.CA,WWW.FRW.CA
888782570RR0001,10,C,C170-1,"ESCARPMENT BIOSPHERE CONSERVANCY, INC.","Escarpment Biosphere Conservancy, Inc.",1997-03-17,1,304 - 192 SPADINA AVE,TORONTO,ON,M5T2C2,CA,(888)815-9575,info@escarpment.ca,ESCARPMENT.CA
888887106RR0001,11,C,C170-1,WHEATLEY TWO CREEKS ASSOCIATION,Wheatley Two Creeks Association,2012-04-20,1,P O BOX 1011,WHEATLEY,ON,N0P2P0,CA,,,
888936929RR0001,10,C,C170-1,CHARLESTON LAKE ENVIRONMENTAL ASSOCIATION,CHARLESTON LAKE ENVIRONMENTAL ASSOCIATION,1999-08-19,1,PO BOX 609,ATHENS,ON,K0E1B0,CA,(613)924-2010,WAYNEROSE@RIPNET.COM,
889094959RR0001,10,C,C170-1,Société D'Aménagement du Parc des Iles de la Paix,SOCIETE D'AMENAGEMENT DU PARCDES ILES DE LA PAIX,1997-01-01,2,1 RUE HOTEL DE VILLE,LERY,QC,J6N1E8,CA,(450)691-4989,INFO@ILESDELAPAIX.CA,WWW.ILESDELAPAIX.CA
889115929RR0001,11,C,C170-1,NICOLA WATERSHED COMMUNITY ROUND TABLE SOCIETY,Nicola Watershed Community Round Table Society,2008-07-16,1,1901 PARKER DR,MERRITT,BC,V1K1J3,CA,(250)378-4577,SANFORD2@TELUS.NET,WWW.NWCRT.ORG
889216297RR0001,11,C,C170-1,LAND STEWARDSHIP CENTRE OF CANADA,LAND STEWARDSHIP CENTRE OF CANADA,1998-04-01,1,17503-45 AVE,EDMONTON,AB,T6M2N3,CA,,,
889410700RR0001,10,C,C170-1,CITIZENS FOR MARSHLAND CONSERVATION INC. / CITOYENS POUR LA CONSERVATION DES MARECAGES INC.,CITIZENS FOR MARSHLAND CONSERVATION INC./CITOYENS POUR LA CONSERVATION DES MARECAGES INC.,2008-03-14,1,PO BOX 602,LANCASTER,ON,K0C1N0,CA,(613)938-3611,JLEGAULT8@COGECO.CA,
889515839RR0001,11,C,C170-1,A.P.E.L.C. (Association pour la Protection de l'Environnement du Lac Cloutier),A.P.E.L.C. (ASSOCIATION POUR LA PROTECTION DE L'ENVIRONNEMENT DU LAC CLOUTIER),1998-10-27,2,C.P. 4254,SAINTE-BEATRIX,QC,J0K1Y0,CA,(514)592-6645,ALAIN_BISAILLON@HOTMAIL.COM,
889542197RR0001,4,C,C170-1,"RIVERS AND LAKES CONSERVATION FOUNDATION OF CANADA/FONDATIONPOUR LA PROTECTION DES FLEUVES, RIVIERES ET LACS DU CANADA","RIVERS AND LAKES CONSERVATION FOUNDATION OF CANADA/FONDATION POUR LA PROTECTION DES FLEUVES, RIVIERES ET LACS DU CANADA",1996-12-13,2,116 WELLINGTON,COATICOOK,QC,J1A2H7,CA,,,
889657201RR0001,11,C,C170-1,Le groupe Ambioterra,Le Groupe Ambioterra,2012-04-17,2,"624 RUE NOTRE-DAME, LOCAL 31",SAINT-CHRYSOSTOME,QC,J0S1R0,CA,(450)637-8585,INFO@AMBIOTERRA.ORG,WWW.AMBIOTERRA.ORG
889699468RR0001,10,C,C170-1,Big Country Regional Recycling Society,Big Country Regional Recycling Society,1992-05-01,1,BOX 1893,HANNA,AB,T0J1P0,CA,(403)854-3743,,
889830923RR0001,8,C,C170-1,ARCTIC BORDERLANDS ECOLOGICAL KNOWLEDGE SOCIETY,ARCTIC BORDERLANDS ECOLOGICAL KNOWLEDGE SOCIETY,2002-09-10,1,PO BOX 33251 RPO OGILVIE,WHITEHORSE,YT,Y1A6S1,CA,(867)633-6770,ARCTICBORDERLANDS@GMAIL.COM,WWW.ARCTICBORDERLANDS.ORG
889857736RR0001,6,C,C170-1,RICHIBUCTO RIVER ASSOCIATION,RICHIBUCTO RIVER ASSOCIATION,1997-04-01,1,3 RIVER ST,REXTON,NB,E4W2C9,CA,(506)523-6757,GBECK@ROGERS.COM,RRASSOC.ORG
889866067RR0001,9,C,C170-99,SAVE THE RICHMOND STREET FOREST,SAVE THE RICHMOND STREET FOREST,1995-07-26,1,"41 CARLTON STREET SOUTH, APT 8",THOROLD,ON,L2V1Z7,CA,(905)562-3746,INFO@CARLACARLSON.CA,
889901195RR0001,10,C,C170-1,PRINCE GEORGE RECYCLING & ENVIRONMENTAL ACTION & PLANNING SOCIETY (R.E.A.P.S.),PRINCE GEORGE RECYCLING & ENVIRONMENTAL ACTION & PLANNING SOCIETY,2005-02-10,1,PO BOX 444,PRINCE GEORGE,BC,V2L4S6,CA,(250)561-7327,GARDEN@REAPS.ORG,WWW.REAPS.ORG
889914131RR0001,7,C,C170-1,ECENECA-ENVIRONMENTAL CENTRE FOR NEW CANADIANS,ECENECA -ENVIROMENTAL CENTRE FOR NEW CANADIANS,2000-09-01,1,"511 RICHMOND STREET WEST, 1ST FLOOR",TORONTO,ON,M5V1Y3,CA,(416)760-2691,ECENECA@NETZERO.COM,WWW.ECENECA.ORG
889946141RR0001,11,C,C170-1,ALBERTA CONSERVATION ASSOCIATION,ALBERTA CONSERVATION ASSOCIATION,1998-04-01,1,101 - 9 CHIPPEWA ROAD,SHERWOOD PARK,AB,T8A6J7,CA,(780)410-1999,,AB-CONSERVATION.COM
890107824RR0001,11,C,C170-1,RAPPEL - COOP DE SOLIDARITÉ EN PROTECTION DE L'EAU,RAPPEL - Coop de solidarité en protection de l'eau,1999-04-01,2,350A RUE LAVAL,SHERBROOKE,QC,J1C0R1,CA,(819)636-0092,COMPTABLE@RAPPEL.QC.CA,WWW/RAPPEL.QC.CA
890107972RR0001,11,C,C170-1,NEW BRUNSWICK FEDERATION OF NATURALISTS INC. - FEDERATION DES NATURALISTES DU NOUVEAU-BRUNSWICK INC.,NEW BRUNSWICK FEDERATION OF NATURALISTS INC. - FEDERATION DES NATURALISTES DU NOUVEAU-BRUNSWICK INC.,2000-01-01,1,3 - 61 CARLETON ST,FREDERICTON,NB,E3B3T2,CA,(506)459-4209,EXECUTIVE.DIRECTOR@NATURENB.CA,WWW.NATURENB.CA
890229099RR0001,10,C,C170-1,TORONTO GREEN COMMUNITY INC.,TORONTO GREEN COMMUNITY INC.,2006-01-01,1,"PO BOX 26036, BROADWAY PO",TORONTO,ON,M4P0A8,CA,,,
890443419RR0001,9,C,C170-1,NORTH SASKATCHEWAN WATERSHED ALLIANCE SOCIETY,North Saskatchewan Watershed Alliance Society,2015-09-11,1,202 - 9440 49 ST NW,EDMONTON,AB,T6B2M9,CA,,,
890584303RR0001,11,C,C170-99,Terravie - Fonds Foncier communautaire,TERRAVIE - FONDS FONCIER COMMUNAUTAIRE,2004-01-01,2,200 CHEMIN DUNCAN SUD,MONTCALM,QC,J0T2V0,CA,(819)687-1403,INFO@TERRAVIE.ORG,WWW.TERRAVIE.ORG
890642515RR0001,10,C,C170-1,ACER ASSOCIATION FOR CANADIAN EDUCATIONAL RESOURCES,ACER Association For Canadian Educational Resources,2002-12-06,1,707 - 12 HELENE ST N,MISSISSAUGA,ON,L5G3B5,CA,(905)891-6004,aceracreinfo@gmail.com,www.acer-acre.ca
890666720RR0001,11,C,C170-1,COMITE ZIP DES ILES-DE-LA-MADELEINE,COMITE ZIP DES ILES-DE-LA-MADELEINE,2000-04-01,2,330 CH. PRINCIPAL BUREAU 209,CAP-AUX-MEULES,QC,G4T1C9,CA,,,
890763378RR0001,11,C,C170-1,THE BERT MILLER NATURE CLUB OF FORT ERIE,THE BERT MILLER NATURE CLUB OF FORT ERIE,1999-04-26,1,P.O. BOX 1088,RIDGEWAY,ON,L0S1N0,CA,(905)871-5856,BERTMILLERNATURECLUB@GMAIL.COM,WWW.BERTMILLERNATURECLUB.ORG
890803497RR0001,10,C,C170-1,GENERATE CANADA INC.,GENERATE CANADA INC.,2001-01-01,1,9 - 2020 LANTHIER DR,ORLEANS,ON,K4A3V4,CA,(613)601-1955,finance@generatecanada.ca,www.generatecanada.ca
890848559RR0001,10,C,C170-99,SOCIETE DE GESTION ENVIRONNEMENTALE (SGE),SOCIETE DE GESTION ENVIRONNEMENTALE (SGE),2000-01-01,2,1332 RUE DES CYPRES,DOLBEAU-MISTASSINI,QC,G8L1A4,CA,,,
891050775RR0001,10,C,C170-1,FRIENDS OF THE FORESTRY FARM HOUSE INCORPORATED,FRIENDS OF THE FORESTRY FARM HOUSE INCORPORATED,1999-01-01,1,1903 FORESTRY FARM PARK DRIVE,SASKATOON,SK,S7S1G9,CA,(306)249-1315,MAXIC@YOURLINK.CA,WWW.FFFH.CA
891106403RR0001,10,C,C170-1,ECO DE LA POINTE-AUX-PRAIRIES,ECO DE LA POINTE AUX PRAIRIES,2006-02-14,2,9140 BOUL PERRAS,MONTREAL,QC,H1E7E4,CA,(514)648-9177,INFO@ECOPAP.CA,WWW.ECOPAP.CA
891250912RR0001,10,C,C170-1,BONAPARTE WATERSHED STEWARDSHIP SOCIETY,Bonaparte Watershed Stewardship Society,2002-04-09,1,BOX 1,CACHE CREEK,BC,V0K1H0,CA,(250)457-9288,caribooal@gmail.com,
891266744RR0001,11,C,C170-99,FEDERATION OF NOVA SCOTIA NATURALISTS,FEDERATION OF NOVA SCOTIA NATURALISTS,2006-09-14,1,1747 SUMMER ST,HALIFAX,NS,B3H3A6,CA,(902)678-4725,EJGIBSON@NS.SYMPATICO.CA,WWW.NATURENS.CA
891271546RR0001,10,C,C170-99,THE FRIENDS OF OJIBWAY PRAIRIE / LES AMIS D'OJIBWAY PRAIRIE,THE FRIENDS OF THE OJIBWAY PRAIRIE / LES AMIS D'OJIBWAY PRAIRIE,1994-01-03,1,5200 MATCHETTE ROAD,WINDSOR,ON,N9C4E8,CA,(519)966-5852,,www.ojibway.ca/foop.htm
891393019RR0001,10,C,C170-1,NATURE CONSERVANCY OF THE NORTH OKANAGAN SOCIETY,NATURE CONSERVANCY OF THE NORTH OKANAGAN SOCIETY,2001-01-01,1,PO BOX 265,VERNON,BC,V1T6M2,CA,(250)545-1153,GBILLWAGNER@GMAIL.COM,WWW.NOPNAT.COM
891469769RR0001,10,C,C170-1,Société Conservation Mise en Valeur de la Grande Plee Bleue,SOCIETE DE CONSERVATION ET DE MISE EN VALEUR DE LA GRANDE PLEE BLEUE,1994-01-29,2,C.P. 153,LEVIS,QC,G6V6N8,CA,(418)653-2032,TRESORIER@GRANDEPLEEBLEUE.CA,WWW.GRANDEPLEEBLEUE.CA
891537268RR0001,11,C,C170-1,L'association pour la protection du lac Brompton inc.,L'association pour la protection du Lac Brompton inc.,2013-04-17,2,1485 222 RTE,SAINT-DENIS-DE-BROMPTON,QC,J0B2P0,CA,(819)846-2207,TRESORIER@PROTECTIONLACBROMPTON.CA,WWW.PROTECTIONLACBROMPTON.CA
891622144RR0001,5,C,C170-1,NEGAWATTS PRODUCTION INC.,NEGAWATTS PRODUCTION INC.,1999-05-13,2,"510, RUE COLLARD O, PORTE 103",ALMA,QC,G8B1N2,CA,(418)668-2626,GGIRARD@NEGAWATTSPROD.COM,
891826844RR0001,9,C,C170-1,ASSOCIATION POUR LA PROTECTION DE L'ENVIRONNEMENT DU LAC DES SABLES (A.P.E.L.S.) INC.,ASSOCIATION POUR LA PROTECTION DE L'ENVIRONNEMENT DU LAC DESSABLES (A.P.E.L.S.) INC.,2013-08-14,2,"3, RUE PRÉFONTAINE EST",SAINTE-AGATHE-DES-MONTS,QC,J8C1R5,CA,(819)326-3032,ALFRED@GOBEL.CA,WWW.LACDESSABLESAPELS.COM
891980666RR0001,11,C,C170-1,GREEN'S POINT LIGHT ASSOCIATION INC,GREEN'S POINT LIGHT ASSOCIATION INC,1997-04-01,1,185 GREEN'S POINT ROAD,L'ETETE,NB,E5C2N5,CA,(506)755-3630,LETETE@NBNET.NB.CA,WWW.GREENSPOINT.CA
892336348RR0001,11,C,C170-1,RIDEAU WATERWAY LAND TRUST,Rideau Waterway Land Trust,1996-01-01,1,PO BOX 42,ELGIN,ON,K0G1E0,CA,(343)653-2500,info@rwlt.org,rwlt.org
892547100RR0001,10,C,C170-1,SCUGOG LAKE STEWARDS INC,SCUGOG LAKE STEWARDS INC,2003-04-11,1,250 QUEEN ST,PORT PERRY,ON,L9L1B9,CA,(905)985-0958,BKARTHEIN@YAHOO.CA,SCUGOGLAKESTEWARDS.COM
892570649RR0001,6,C,C170-1,THAMES RIVER ANGLERS ASSOCIATION,THAMES RIVER ANGLERS ASSOCIATION,2018-02-09,1,2202 CORONATION DR,LONDON,ON,N6G0B9,CA,,,
893121244RR0001,10,C,C170-1,TLELL WATERSHED SOCIETY,TLELL WATERSHED SOCIETY,1994-01-01,1,PO BOX 81,TLELL,BC,V0T1Y0,CA,(250)557-4453,MTOAD@HAIDAGWAII.NET,
893284414RR0001,11,C,C170-1,TABOR LAKE CLEANUP SOCIETY,TABOR LAKE CLEANUP SOCIETY,2000-10-01,1,PO BOX 1473 STN A,PRINCE GEORGE,BC,V2L4V5,CA,(250)963-7107,RNROBSON@TELUS.NET,
893990846RR0001,7,C,C170-1,CONSEIL RÉGIONAL DE L'ENVIRONNEMENT DE LAVAL,Conseil régional de l'environnement de Laval,2017-11-14,2,208 - 3235 BOUL SAINT-MARTIN E,LAVAL,QC,H7E5G8,CA,,,
894026921RR0001,10,C,C170-1,TSOLUM RIVER RESTORATION SOCIETY,TSOLUM RIVER RESTORATION SOCIETY,2001-01-01,1,P.O. BOX 488,MERVILLE,BC,V0R2M0,CA,(250)897-4670,TSOLUMRIVER@SHAW.CA,WWW.TSOLUMRIVER.ORG
894046473RR0001,11,C,C170-1,Assiniboine West Watershed District,Assiniboine West Watershed District,1998-04-01,1,PO BOX 223,MINIOTA,MB,R0M1M0,CA,(204)567-3554,UARCDADMIN@MTS.NET,UARCD.COM
894800077RR0001,10,C,C170-1,BRANDON RIVERBANK INC,BRANDON RIVERBANK INC.,1994-12-05,1,1-545 CONSERVATION DR,BRANDON,MB,R7A7L8,CA,,,
894922921RR0001,9,C,C170-1,"PETITCODIAC RIVERKEEPER, INC.\ SENTINELLES DE LA RIVIÈRE PETITCODIAC, INC.","PETITCODIAC RIVERKEEPER, INC./SENTINELLES DE LA RIVIERE PETITCODIAC, INC.",2001-05-17,1,P O BOX 300,MONCTON,NB,E1C8K9,CA,(506)388-5337,info@petitcodiac.org,www.petitcodiac.org
895036358RR0001,11,C,C170-1,REDD FISH RESTORATION SOCIETY,REDD FISH RESTORATION SOCIETY,1999-10-28,1,PO BOX 641,UCLUELET,BC,V0R3A0,CA,,,
896202801RR0001,3,C,C170-99,YAQAN NUKI WETLANDS FRIENDSHIP SOCIETY,YAQAN NUKI WETLANDS FRIENDSHIP SOCIETY,2003-03-13,1,1620 FOX TREE RD,CRESTON,BC,V0B1G2,CA,(250)428-7289,SLSCATS2@GMAIL.COM,
896465325RR0001,8,C,C170-1,COLONY FARM PARK ASSOCIATION,COLONY FARM PARK ASSOCIATION,2000-01-01,1,2000 BOW DR,COQUITLAM,BC,V3E1Y3,CA,(604)520-6442,,WWW.PARKPARTNERS.CA/ASSOCIATIONS.HTML
896560406RR0001,10,C,C170-1,Fondation Écologique du Grand Montréal,FONDATION ÉCOLOGIQUE DU GRAND MONTRÉAL,2004-01-29,2,"10950 BOULEVARD PERRAS EST, PAVILLON 4",MONTREAL,QC,H1C1B3,CA,(514)721-0907,,
896644374RR0001,5,C,C170-1,ONTARIO STREAMS,Ontario Streams,2019-01-01,1,93A INDUSTRIAL PKY S,AURORA,ON,L4G3V5,CA,,,
896822822RR0001,10,C,C170-1,FRASER HEADWATERS ALLIANCE,FRASER HEADWATERS ALLIANCE,2006-07-05,1,6005 BROWN ROAD,DUNSTER,BC,V0J1J0,CA,(250)968-4490,ROY@FRASERHEADWATERS.ORG,WWW.FRASERHEADWATERS.ORG
896995289RR0001,11,C,C170-1,Souris River Watershed District,Souris River Watershed District,1999-03-31,1,BOX 339,RESTON,MB,R0M1X0,CA,(204)877-3020,MANAGER@WSRCD.COM,WWW.WSRCD.COM
897006490RR0001,11,A,C170-1,HIGHLAND RIVERS WATERSHED SOCIETY,HIGHLAND RIVERS WATERSHED SOCIETY,2000-01-27,1,2629 WEST SIDE MIDDLE RIVER RD,BADDECK,NS,B0E1B0,CA,(902)295-1202,MIDRIVCA@OUTLOOK.COM,
897013223RR0001,10,C,C170-1,SOUTHERN ALBERTA LAND TRUST SOCIETY,SOUTHERN ALBERTA LAND TRUST SOCIETY,1998-01-13,1,PO BOX 366 STN MAIN,OKOTOKS,AB,T1S1A6,CA,(403)652-9998,BURBAN@SALTS-LANDTRUST.ORG,WWW.SALTSLANDTRUST.ORG
897512893RR0001,11,C,C170-1,BAKER CREEK ENHANCEMENT SOCIETY,BAKER CREEK ENHANCEMENT SOCIETY,2000-03-01,1,410 KINCHANT STREET,QUESNEL,BC,V2J7J5,CA,(250)992-5833,BCES@TELUS.NET,WWW.BAKERCREEK.ORG
897603627RR0001,10,C,C170-1,L'Association du Marais de la Rivière aux Cerises (LAMRAC),L'ASSOCIATION DU MARAIS DE LA RIVIÈRE AUX CERISES (LAMRAC),1997-10-01,2,"69 CH. ROY, R.R. 2",CANTON MAGOG,QC,J1X3W3,CA,(819)843-8118,INFO@MARAISAUXCERISES.COM,
897656450RR0001,10,C,C170-1,HAIG-BROWN INSTITUTE,HAIG-BROWN INSTITUTE,2001-11-01,1,400-145 CHADWICK CRT,NORTH VANCOUVER,BC,V7M3K1,CA,(604)984-4311,,WWW.HAIGBROWNINSTITUTE.ORG
897773677RR0001,9,C,C170-1,NORTHUMBERLAND SALMON PROTECTION ASSOCIATION,NORTHUMBERLAND SALMON PROTECTION ASSOCIATION,1998-01-01,1,485 ROUTE 420,SOUTH ESK,NB,E1V4L9,CA,(506)622-4000,NOLA@MIRAMICHISALMON.CA,
897875605RR0001,10,C,C170-99,Living Forest Trust,TRUST FOR SUSTAINABLE FORESTRY,2003-08-11,1,407 - 2202 LAMBERT DR,COURTENAY,BC,V9N1Z8,CA,(250)598-0640,MICHAELANDJENICA@GMAIL.COM,
898324413RR0001,10,C,C170-99,GAMIING Nature Centre,GAMIING NATURE CENTRE,2002-01-08,1,1884 PIGEON LAKE RD,LINDSAY,ON,K9V4R5,CA,(705)799-7083,INFO@GAMIING.ORG,WWW.GAMIING.ORG
898352877RR0001,10,C,C170-1,FRIENDS OF THE GRAND RIVER,FRIENDS OF THE GRAND RIVER,1999-01-01,1,48 MCNAB ST E,ELORA,ON,N0B1S0,CA,(519)843-3102,FOGRPRESIDENT@HOTMAIL.COM,FRIENDSOFTHEGRANDRIVER.COM
898608237RR0001,11,C,C170-1,ABBOTSFORD RAVINE PARK SALMON ENHANCEMENT SOCIETY,ABBOTSFORD RAVINE PARK SALMON ENHANCEMENT SOCIETY,1996-03-01,1,"POST OFFICE BOX 464, STN. A",ABBOTSFORD,BC,V2T6Z7,CA,(604)302-2888,DALETAYLOR2@SHAW.CA,
898809611RR0001,10,C,C170-1,GRIMSHAW GRAVELS AQUIFER MANAGEMENT ADVISORY ASSOCIATION,GRIMSHAW GRAVELS AQUIFER MANAGEMENT ADVISORY ASSOCIATION,2001-02-14,1,BOX 34,BERWYN,AB,T0H0E0,CA,(780)338-3845,BJOHNSON@MDPEACE.COM,WWW.MDPEACE.COM
898886940RR0001,11,C,C170-1,BASSIN VERSANT SAINT-MAURICE (BVSM),BASSIN VERSANT SAINT-MAURICE (BVSM),1999-01-01,2,1395 CH PRINCIPAL,SHAWINIGAN,QC,G9R1E5,CA,(819)731-0521,DIRECTRICE@BVSM.CA,WWW.BVSM.CA
898955513RR0001,6,C,C170-1,LAKE OF THE PRAIRIES CONSERVATION DISTRICT,LAKE OF THE PRAIRIES CONSERVATION DISTRICT,2006-10-30,1,PO BOX 223,MINIOTA,MB,R0M1M0,CA,(204)564-2388,LPCDT@MTS.NET,WWW.LPCD.MB.CA
898966114RR0001,10,C,C170-99,THE MARTINDALE POND HERITAGE & ENVIRONMENTAL CENTRE,THE MARTINDALE POND HERITAGE & ENVIRONMENTAL CENTRE,2002-06-12,1,"344 LAKE ST, P.O.BOX 1600",ST.CATHARINES,ON,L2R7J9,CA,(905)937-7777,MASSE@WMKLCA.COM,
899514996RR0001,10,C,C170-1,FORT ERIE CONSERVATION CLUB INC,FORT ERIE CONSERVATION CLUB INC,2002-03-01,1,P.O. BOX 332,FORT ERIE,ON,L2A5N1,CA,(905)382-2260,forterieconservationclub@gmail.com,forterieconservationclub.ca
899760813RR0001,10,C,C170-1,FRIENDS OF THE COVES SUBWATERSHED INC.,FRIENDS OF THE COVES SUBWATERSHED INC.,2000-11-01,1,111 ELMWOOD AVE E,LONDON,ON,N6C1J4,CA,(519)640-5397,CONTACT@THECOVES.CA,WWW.THECOVES.CA
